"congress","year","bioname","nominate_dim1","party"
29,1845,"KAUFMAN, David Spangler",-0.53,"Democrat"
29,1845,"PILSBURY, Timothy",-0.349,"Democrat"
30,1847,"KAUFMAN, David Spangler",-0.53,"Democrat"
30,1847,"PILSBURY, Timothy",-0.349,"Democrat"
31,1849,"HOWARD, Volney Erskine",-0.455,"Democrat"
31,1849,"KAUFMAN, David Spangler",-0.53,"Democrat"
32,1851,"HOWARD, Volney Erskine",-0.455,"Democrat"
32,1851,"SCURRY, Richardson",-0.601,"Democrat"
33,1853,"BELL, Peter Hansbrough",-0.268,"Democrat"
33,1853,"SMYTH, George Washington",-0.533,"Democrat"
34,1855,"BELL, Peter Hansbrough",-0.268,"Democrat"
34,1855,"EVANS, Lemuel Dale",-0.059,"Republican"
35,1857,"BRYAN, Guy Morrison",-0.396,"Democrat"
35,1857,"REAGAN, John Henninger",-0.5,"Democrat"
36,1859,"HAMILTON, Andrew Jackson",-0.226,"Republican"
36,1859,"REAGAN, John Henninger",-0.5,"Democrat"
41,1869,"CLARK, William Thomas",0.362,"Republican"
41,1869,"CONNER, John Coggswell",-0.37,"Democrat"
41,1869,"DEGENER, Edward",0.281,"Republican"
41,1869,"WHITMORE, George Washington",0.321,"Republican"
42,1871,"CLARK, William Thomas",0.362,"Republican"
42,1871,"CONNER, John Coggswell",-0.37,"Democrat"
42,1871,"GIDDINGS, De Witt Clinton",-0.418,"Democrat"
42,1871,"HANCOCK, John",-0.254,"Democrat"
42,1871,"HERNDON, William Smith",-0.405,"Democrat"
43,1873,"GIDDINGS, De Witt Clinton",-0.418,"Democrat"
43,1873,"HANCOCK, John",-0.254,"Democrat"
43,1873,"HERNDON, William Smith",-0.405,"Democrat"
43,1873,"McLEAN, William Pinkney",-0.639,"Democrat"
43,1873,"MILLS, Roger Quarles",-0.471,"Democrat"
43,1873,"WILLIE, Asa Hoxie",-0.456,"Democrat"
44,1875,"CULBERSON, David Browning",-0.428,"Democrat"
44,1875,"HANCOCK, John",-0.254,"Democrat"
44,1875,"MILLS, Roger Quarles",-0.471,"Democrat"
44,1875,"REAGAN, John Henninger",-0.5,"Democrat"
44,1875,"SCHLEICHER, Gustave",-0.23,"Democrat"
44,1875,"THROCKMORTON, James Webb",-0.345,"Democrat"
45,1877,"CULBERSON, David Browning",-0.428,"Democrat"
45,1877,"GIDDINGS, De Witt Clinton",-0.418,"Democrat"
45,1877,"MILLS, Roger Quarles",-0.471,"Democrat"
45,1877,"REAGAN, John Henninger",-0.5,"Democrat"
45,1877,"SCHLEICHER, Gustave",-0.23,"Democrat"
45,1877,"THROCKMORTON, James Webb",-0.345,"Democrat"
46,1879,"CULBERSON, David Browning",-0.428,"Democrat"
46,1879,"JONES, George Washington",0.007,"Republican"
46,1879,"MILLS, Roger Quarles",-0.471,"Democrat"
46,1879,"REAGAN, John Henninger",-0.5,"Democrat"
46,1879,"UPSON, Christopher Columbus",-0.327,"Democrat"
46,1879,"WELLBORN, Olin",-0.537,"Democrat"
47,1881,"CULBERSON, David Browning",-0.428,"Democrat"
47,1881,"JONES, George Washington",0.007,"Republican"
47,1881,"MILLS, Roger Quarles",-0.471,"Democrat"
47,1881,"REAGAN, John Henninger",-0.5,"Democrat"
47,1881,"UPSON, Christopher Columbus",-0.327,"Democrat"
47,1881,"WELLBORN, Olin",-0.537,"Democrat"
48,1883,"CULBERSON, David Browning",-0.428,"Democrat"
48,1883,"HANCOCK, John",-0.254,"Democrat"
48,1883,"JONES, James Henry",-0.584,"Democrat"
48,1883,"LANHAM, Samuel Willis Tucker",-0.507,"Democrat"
48,1883,"MILLER, James Francis",-0.575,"Democrat"
48,1883,"MILLS, Roger Quarles",-0.471,"Democrat"
48,1883,"OCHILTREE, Thomas Peck",-0.04,"Republican"
48,1883,"REAGAN, John Henninger",-0.5,"Democrat"
48,1883,"STEWART, Charles",-0.469,"Democrat"
48,1883,"THROCKMORTON, James Webb",-0.345,"Democrat"
48,1883,"WELLBORN, Olin",-0.537,"Democrat"
49,1885,"CRAIN, William Henry",-0.35,"Democrat"
49,1885,"CULBERSON, David Browning",-0.428,"Democrat"
49,1885,"JONES, James Henry",-0.584,"Democrat"
49,1885,"LANHAM, Samuel Willis Tucker",-0.507,"Democrat"
49,1885,"MILLER, James Francis",-0.575,"Democrat"
49,1885,"MILLS, Roger Quarles",-0.471,"Democrat"
49,1885,"REAGAN, John Henninger",-0.5,"Democrat"
49,1885,"SAYERS, Joseph Draper",-0.502,"Democrat"
49,1885,"STEWART, Charles",-0.469,"Democrat"
49,1885,"THROCKMORTON, James Webb",-0.345,"Democrat"
49,1885,"WELLBORN, Olin",-0.537,"Democrat"
50,1887,"ABBOTT, Jo (Joseph)",-0.591,"Democrat"
50,1887,"CRAIN, William Henry",-0.35,"Democrat"
50,1887,"CULBERSON, David Browning",-0.428,"Democrat"
50,1887,"HARE, Silas",-0.546,"Democrat"
50,1887,"KILGORE, Constantine Buckley",-0.697,"Democrat"
50,1887,"LANHAM, Samuel Willis Tucker",-0.507,"Democrat"
50,1887,"MARTIN, William Harrison",-0.649,"Democrat"
50,1887,"MILLS, Roger Quarles",-0.471,"Democrat"
50,1887,"MOORE, Littleton Wilde",-0.534,"Democrat"
50,1887,"REAGAN, John Henninger",-0.5,"Democrat"
50,1887,"SAYERS, Joseph Draper",-0.502,"Democrat"
50,1887,"STEWART, Charles",-0.469,"Democrat"
51,1889,"ABBOTT, Jo (Joseph)",-0.591,"Democrat"
51,1889,"CRAIN, William Henry",-0.35,"Democrat"
51,1889,"CULBERSON, David Browning",-0.428,"Democrat"
51,1889,"HARE, Silas",-0.546,"Democrat"
51,1889,"KILGORE, Constantine Buckley",-0.697,"Democrat"
51,1889,"LANHAM, Samuel Willis Tucker",-0.507,"Democrat"
51,1889,"MARTIN, William Harrison",-0.649,"Democrat"
51,1889,"MILLS, Roger Quarles",-0.471,"Democrat"
51,1889,"MOORE, Littleton Wilde",-0.534,"Democrat"
51,1889,"SAYERS, Joseph Draper",-0.502,"Democrat"
51,1889,"STEWART, Charles",-0.469,"Democrat"
52,1891,"ABBOTT, Jo (Joseph)",-0.591,"Democrat"
52,1891,"ANTONY, Edwin Le Roy",-0.741,"Democrat"
52,1891,"BAILEY, Joseph Weldon",-0.63,"Democrat"
52,1891,"CRAIN, William Henry",-0.35,"Democrat"
52,1891,"CULBERSON, David Browning",-0.428,"Democrat"
52,1891,"KILGORE, Constantine Buckley",-0.697,"Democrat"
52,1891,"LANHAM, Samuel Willis Tucker",-0.507,"Democrat"
52,1891,"LONG, John Benjamin",-0.478,"Democrat"
52,1891,"MILLS, Roger Quarles",-0.471,"Democrat"
52,1891,"MOORE, Littleton Wilde",-0.534,"Democrat"
52,1891,"SAYERS, Joseph Draper",-0.502,"Democrat"
52,1891,"STEWART, Charles",-0.469,"Democrat"
53,1893,"ABBOTT, Jo (Joseph)",-0.591,"Democrat"
53,1893,"BAILEY, Joseph Weldon",-0.63,"Democrat"
53,1893,"BELL, Charles Keith",-0.604,"Democrat"
53,1893,"COCKRELL, Jeremiah Vardaman",-0.406,"Democrat"
53,1893,"COOPER, Samuel Bronson",-0.333,"Democrat"
53,1893,"CRAIN, William Henry",-0.35,"Democrat"
53,1893,"CULBERSON, David Browning",-0.428,"Democrat"
53,1893,"GRESHAM, Walter",-0.421,"Democrat"
53,1893,"HUTCHESON, Joseph Chappell",-0.553,"Democrat"
53,1893,"KILGORE, Constantine Buckley",-0.697,"Democrat"
53,1893,"PASCHAL, Thomas Moore",-0.417,"Democrat"
53,1893,"PENDLETON, George Cassety",-0.399,"Democrat"
53,1893,"SAYERS, Joseph Draper",-0.502,"Democrat"
54,1895,"ABBOTT, Jo (Joseph)",-0.591,"Democrat"
54,1895,"BAILEY, Joseph Weldon",-0.63,"Democrat"
54,1895,"BELL, Charles Keith",-0.604,"Democrat"
54,1895,"COCKRELL, Jeremiah Vardaman",-0.406,"Democrat"
54,1895,"COOPER, Samuel Bronson",-0.333,"Democrat"
54,1895,"CRAIN, William Henry",-0.35,"Democrat"
54,1895,"CROWLEY, Miles",-0.24,"Democrat"
54,1895,"CULBERSON, David Browning",-0.428,"Democrat"
54,1895,"HUTCHESON, Joseph Chappell",-0.553,"Democrat"
54,1895,"KLEBERG, Rudolph",-0.497,"Democrat"
54,1895,"NOONAN, George Henry",0.143,"Republican"
54,1895,"PENDLETON, George Cassety",-0.399,"Democrat"
54,1895,"SAYERS, Joseph Draper",-0.502,"Democrat"
54,1895,"YOAKUM, Charles Henderson",-0.636,"Democrat"
55,1897,"BAILEY, Joseph Weldon",-0.63,"Democrat"
55,1897,"BALL, Thomas Henry",-0.496,"Democrat"
55,1897,"BURKE, Robert Emmet",-0.34,"Democrat"
55,1897,"COOPER, Samuel Bronson",-0.333,"Democrat"
55,1897,"CRANFORD, John Walter",-0.453,"Democrat"
55,1897,"DE GRAFFENREID, Reese Calhoun",-0.802,"Democrat"
55,1897,"HAWLEY, Robert Bradley",0.402,"Republican"
55,1897,"HENRY, Robert Lee",-0.464,"Democrat"
55,1897,"KLEBERG, Rudolph",-0.497,"Democrat"
55,1897,"LANHAM, Samuel Willis Tucker",-0.507,"Democrat"
55,1897,"SAYERS, Joseph Draper",-0.502,"Democrat"
55,1897,"SLAYDEN, James Luther",-0.398,"Democrat"
55,1897,"STEPHENS, John Hall",-0.466,"Democrat"
56,1899,"BAILEY, Joseph Weldon",-0.63,"Democrat"
56,1899,"BALL, Thomas Henry",-0.496,"Democrat"
56,1899,"BURKE, Robert Emmet",-0.34,"Democrat"
56,1899,"BURLESON, Albert Sidney",-0.474,"Democrat"
56,1899,"COOPER, Samuel Bronson",-0.333,"Democrat"
56,1899,"DE GRAFFENREID, Reese Calhoun",-0.802,"Democrat"
56,1899,"HAWLEY, Robert Bradley",0.402,"Republican"
56,1899,"HENRY, Robert Lee",-0.464,"Democrat"
56,1899,"KLEBERG, Rudolph",-0.497,"Democrat"
56,1899,"LANHAM, Samuel Willis Tucker",-0.507,"Democrat"
56,1899,"SHEPPARD, John Levi",-0.373,"Democrat"
56,1899,"SLAYDEN, James Luther",-0.398,"Democrat"
56,1899,"STEPHENS, John Hall",-0.466,"Democrat"
57,1901,"BALL, Thomas Henry",-0.496,"Democrat"
57,1901,"BURGESS, George Farmer",-0.496,"Democrat"
57,1901,"BURKE, Robert Emmet",-0.34,"Democrat"
57,1901,"BURLESON, Albert Sidney",-0.474,"Democrat"
57,1901,"COOPER, Samuel Bronson",-0.333,"Democrat"
57,1901,"DE GRAFFENREID, Reese Calhoun",-0.802,"Democrat"
57,1901,"HENRY, Robert Lee",-0.464,"Democrat"
57,1901,"KLEBERG, Rudolph",-0.497,"Democrat"
57,1901,"LANHAM, Samuel Willis Tucker",-0.507,"Democrat"
57,1901,"RANDELL, Choice Boswell",-0.492,"Democrat"
57,1901,"RUSSELL, Gordon James",-0.514,"Democrat"
57,1901,"SHEPPARD, John Levi",-0.373,"Democrat"
57,1901,"SHEPPARD, Morris",-0.355,"Democrat"
57,1901,"SLAYDEN, James Luther",-0.398,"Democrat"
57,1901,"STEPHENS, John Hall",-0.466,"Democrat"
57,1901,"WOOTEN, Dudley Goodall",-0.52,"Democrat"
58,1903,"BALL, Thomas Henry",-0.496,"Democrat"
58,1903,"BEALL, James Andrew (Jack)",-0.511,"Democrat"
58,1903,"BURGESS, George Farmer",-0.496,"Democrat"
58,1903,"BURLESON, Albert Sidney",-0.474,"Democrat"
58,1903,"COOPER, Samuel Bronson",-0.333,"Democrat"
58,1903,"FIELD, Scott",-0.289,"Democrat"
58,1903,"GARNER, John Nance",-0.471,"Democrat"
58,1903,"GILLESPIE, Oscar William",-0.411,"Democrat"
58,1903,"GREGG, Alexander White",-0.424,"Democrat"
58,1903,"HENRY, Robert Lee",-0.464,"Democrat"
58,1903,"PINCKNEY, John McPherson",-0.5,"Democrat"
58,1903,"RANDELL, Choice Boswell",-0.492,"Democrat"
58,1903,"RUSSELL, Gordon James",-0.514,"Democrat"
58,1903,"SHEPPARD, Morris",-0.355,"Democrat"
58,1903,"SLAYDEN, James Luther",-0.398,"Democrat"
58,1903,"SMITH, William Robert",-0.454,"Democrat"
58,1903,"STEPHENS, John Hall",-0.466,"Democrat"
59,1905,"BEALL, James Andrew (Jack)",-0.511,"Democrat"
59,1905,"BROOCKS, Moses Lycurgus",-0.416,"Democrat"
59,1905,"BURGESS, George Farmer",-0.496,"Democrat"
59,1905,"BURLESON, Albert Sidney",-0.474,"Democrat"
59,1905,"FIELD, Scott",-0.289,"Democrat"
59,1905,"GARNER, John Nance",-0.471,"Democrat"
59,1905,"GILLESPIE, Oscar William",-0.411,"Democrat"
59,1905,"GREGG, Alexander White",-0.424,"Democrat"
59,1905,"HENRY, Robert Lee",-0.464,"Democrat"
59,1905,"MOORE, John Matthew",-0.461,"Democrat"
59,1905,"PINCKNEY, John McPherson",-0.5,"Democrat"
59,1905,"RANDELL, Choice Boswell",-0.492,"Democrat"
59,1905,"RUSSELL, Gordon James",-0.514,"Democrat"
59,1905,"SHEPPARD, Morris",-0.355,"Democrat"
59,1905,"SLAYDEN, James Luther",-0.398,"Democrat"
59,1905,"SMITH, William Robert",-0.454,"Democrat"
59,1905,"STEPHENS, John Hall",-0.466,"Democrat"
60,1907,"BEALL, James Andrew (Jack)",-0.511,"Democrat"
60,1907,"BURGESS, George Farmer",-0.496,"Democrat"
60,1907,"BURLESON, Albert Sidney",-0.474,"Democrat"
60,1907,"COOPER, Samuel Bronson",-0.333,"Democrat"
60,1907,"GARNER, John Nance",-0.471,"Democrat"
60,1907,"GILLESPIE, Oscar William",-0.411,"Democrat"
60,1907,"GREGG, Alexander White",-0.424,"Democrat"
60,1907,"HARDY, Rufus",-0.514,"Democrat"
60,1907,"HENRY, Robert Lee",-0.464,"Democrat"
60,1907,"MOORE, John Matthew",-0.461,"Democrat"
60,1907,"RANDELL, Choice Boswell",-0.492,"Democrat"
60,1907,"RUSSELL, Gordon James",-0.514,"Democrat"
60,1907,"SHEPPARD, Morris",-0.355,"Democrat"
60,1907,"SLAYDEN, James Luther",-0.398,"Democrat"
60,1907,"SMITH, William Robert",-0.454,"Democrat"
60,1907,"STEPHENS, John Hall",-0.466,"Democrat"
61,1909,"BEALL, James Andrew (Jack)",-0.511,"Democrat"
61,1909,"BURGESS, George Farmer",-0.496,"Democrat"
61,1909,"BURLESON, Albert Sidney",-0.474,"Democrat"
61,1909,"DIES, Martin",-0.582,"Democrat"
61,1909,"GARNER, John Nance",-0.471,"Democrat"
61,1909,"GILLESPIE, Oscar William",-0.411,"Democrat"
61,1909,"GREGG, Alexander White",-0.424,"Democrat"
61,1909,"HARDY, Rufus",-0.514,"Democrat"
61,1909,"HENRY, Robert Lee",-0.464,"Democrat"
61,1909,"LIVELY, Robert Maclin",-0.55,"Democrat"
61,1909,"MOORE, John Matthew",-0.461,"Democrat"
61,1909,"RANDELL, Choice Boswell",-0.492,"Democrat"
61,1909,"RUSSELL, Gordon James",-0.514,"Democrat"
61,1909,"SHEPPARD, Morris",-0.355,"Democrat"
61,1909,"SLAYDEN, James Luther",-0.398,"Democrat"
61,1909,"SMITH, William Robert",-0.454,"Democrat"
61,1909,"STEPHENS, John Hall",-0.466,"Democrat"
62,1911,"BEALL, James Andrew (Jack)",-0.511,"Democrat"
62,1911,"BURGESS, George Farmer",-0.496,"Democrat"
62,1911,"BURLESON, Albert Sidney",-0.474,"Democrat"
62,1911,"CALLAWAY, Oscar",-0.257,"Democrat"
62,1911,"DIES, Martin",-0.582,"Democrat"
62,1911,"GARNER, John Nance",-0.471,"Democrat"
62,1911,"GREGG, Alexander White",-0.424,"Democrat"
62,1911,"HARDY, Rufus",-0.514,"Democrat"
62,1911,"HENRY, Robert Lee",-0.464,"Democrat"
62,1911,"MOORE, John Matthew",-0.461,"Democrat"
62,1911,"RANDELL, Choice Boswell",-0.492,"Democrat"
62,1911,"SHEPPARD, Morris",-0.355,"Democrat"
62,1911,"SLAYDEN, James Luther",-0.398,"Democrat"
62,1911,"SMITH, William Robert",-0.454,"Democrat"
62,1911,"STEPHENS, John Hall",-0.466,"Democrat"
62,1911,"YOUNG, James",-0.476,"Democrat"
63,1913,"BEALL, James Andrew (Jack)",-0.511,"Democrat"
63,1913,"BUCHANAN, James Paul",-0.481,"Democrat"
63,1913,"BURGESS, George Farmer",-0.496,"Democrat"
63,1913,"BURLESON, Albert Sidney",-0.474,"Democrat"
63,1913,"CALLAWAY, Oscar",-0.257,"Democrat"
63,1913,"DIES, Martin",-0.582,"Democrat"
63,1913,"EAGLE, Joe Henry",-0.481,"Democrat"
63,1913,"GARNER, John Nance",-0.471,"Democrat"
63,1913,"GARRETT, Daniel Edward",-0.368,"Democrat"
63,1913,"GREGG, Alexander White",-0.424,"Democrat"
63,1913,"HARDY, Rufus",-0.514,"Democrat"
63,1913,"HENRY, Robert Lee",-0.464,"Democrat"
63,1913,"RAYBURN, Samuel Taliaferro",-0.395,"Democrat"
63,1913,"SLAYDEN, James Luther",-0.398,"Democrat"
63,1913,"SMITH, William Robert",-0.454,"Democrat"
63,1913,"STEPHENS, John Hall",-0.466,"Democrat"
63,1913,"SUMNERS, Hatton William",-0.184,"Democrat"
63,1913,"VAUGHAN, Horace Worth",-0.452,"Democrat"
63,1913,"YOUNG, James",-0.476,"Democrat"
64,1915,"BLACK, Eugene",-0.345,"Democrat"
64,1915,"BUCHANAN, James Paul",-0.481,"Democrat"
64,1915,"BURGESS, George Farmer",-0.496,"Democrat"
64,1915,"CALLAWAY, Oscar",-0.257,"Democrat"
64,1915,"DAVIS, James Harvey (Cyclone)",-0.204,"Democrat"
64,1915,"DIES, Martin",-0.582,"Democrat"
64,1915,"EAGLE, Joe Henry",-0.481,"Democrat"
64,1915,"GARNER, John Nance",-0.471,"Democrat"
64,1915,"GREGG, Alexander White",-0.424,"Democrat"
64,1915,"HARDY, Rufus",-0.514,"Democrat"
64,1915,"HENRY, Robert Lee",-0.464,"Democrat"
64,1915,"McLEMORE, Atkins Jefferson",-0.391,"Democrat"
64,1915,"RAYBURN, Samuel Taliaferro",-0.395,"Democrat"
64,1915,"SLAYDEN, James Luther",-0.398,"Democrat"
64,1915,"SMITH, William Robert",-0.454,"Democrat"
64,1915,"STEPHENS, John Hall",-0.466,"Democrat"
64,1915,"SUMNERS, Hatton William",-0.184,"Democrat"
64,1915,"YOUNG, James",-0.476,"Democrat"
65,1917,"BLACK, Eugene",-0.345,"Democrat"
65,1917,"BLANTON, Thomas Lindsay",-0.096,"Democrat"
65,1917,"BUCHANAN, James Paul",-0.481,"Democrat"
65,1917,"CONNALLY, Thomas Terry (Tom)",-0.195,"Democrat"
65,1917,"DIES, Martin",-0.582,"Democrat"
65,1917,"EAGLE, Joe Henry",-0.481,"Democrat"
65,1917,"GARNER, John Nance",-0.471,"Democrat"
65,1917,"GARRETT, Daniel Edward",-0.368,"Democrat"
65,1917,"GREGG, Alexander White",-0.424,"Democrat"
65,1917,"HARDY, Rufus",-0.514,"Democrat"
65,1917,"JONES, John Marvin",-0.203,"Democrat"
65,1917,"MANSFIELD, Joseph Jefferson",-0.232,"Democrat"
65,1917,"McLEMORE, Atkins Jefferson",-0.391,"Democrat"
65,1917,"RAYBURN, Samuel Taliaferro",-0.395,"Democrat"
65,1917,"SLAYDEN, James Luther",-0.398,"Democrat"
65,1917,"SUMNERS, Hatton William",-0.184,"Democrat"
65,1917,"WILSON, James Clifton",-0.525,"Democrat"
65,1917,"YOUNG, James",-0.476,"Democrat"
66,1919,"BEE, Carlos",-0.298,"Democrat"
66,1919,"BLACK, Eugene",-0.345,"Democrat"
66,1919,"BLANTON, Thomas Lindsay",-0.096,"Democrat"
66,1919,"BOX, John Calvin",-0.396,"Democrat"
66,1919,"BRIGGS, Clay Stone",-0.255,"Democrat"
66,1919,"BUCHANAN, James Paul",-0.481,"Democrat"
66,1919,"CONNALLY, Thomas Terry (Tom)",-0.195,"Democrat"
66,1919,"EAGLE, Joe Henry",-0.481,"Democrat"
66,1919,"GARNER, John Nance",-0.471,"Democrat"
66,1919,"HARDY, Rufus",-0.514,"Democrat"
66,1919,"HUDSPETH, Claude Benton",-0.223,"Democrat"
66,1919,"JONES, John Marvin",-0.203,"Democrat"
66,1919,"LANHAM, Fritz Garland",-0.073,"Democrat"
66,1919,"MANSFIELD, Joseph Jefferson",-0.232,"Democrat"
66,1919,"PARRISH, Lucian Walton",-0.163,"Democrat"
66,1919,"RAYBURN, Samuel Taliaferro",-0.395,"Democrat"
66,1919,"SUMNERS, Hatton William",-0.184,"Democrat"
66,1919,"WILSON, James Clifton",-0.525,"Democrat"
66,1919,"YOUNG, James",-0.476,"Democrat"
67,1921,"BLACK, Eugene",-0.345,"Democrat"
67,1921,"BLANTON, Thomas Lindsay",-0.096,"Democrat"
67,1921,"BOX, John Calvin",-0.396,"Democrat"
67,1921,"BRIGGS, Clay Stone",-0.255,"Democrat"
67,1921,"BUCHANAN, James Paul",-0.481,"Democrat"
67,1921,"CONNALLY, Thomas Terry (Tom)",-0.195,"Democrat"
67,1921,"GARNER, John Nance",-0.471,"Democrat"
67,1921,"GARRETT, Daniel Edward",-0.368,"Democrat"
67,1921,"HARDY, Rufus",-0.514,"Democrat"
67,1921,"HUDSPETH, Claude Benton",-0.223,"Democrat"
67,1921,"JONES, John Marvin",-0.203,"Democrat"
67,1921,"LANHAM, Fritz Garland",-0.073,"Democrat"
67,1921,"MANSFIELD, Joseph Jefferson",-0.232,"Democrat"
67,1921,"PARRISH, Lucian Walton",-0.163,"Democrat"
67,1921,"RAYBURN, Samuel Taliaferro",-0.395,"Democrat"
67,1921,"SANDERS, Morgan Gurley",-0.237,"Democrat"
67,1921,"SUMNERS, Hatton William",-0.184,"Democrat"
67,1921,"WILLIAMS, Guinn",-0.44,"Democrat"
67,1921,"WURZBACH, Harry McLeary",0.223,"Republican"
68,1923,"BLACK, Eugene",-0.345,"Democrat"
68,1923,"BLANTON, Thomas Lindsay",-0.096,"Democrat"
68,1923,"BOX, John Calvin",-0.396,"Democrat"
68,1923,"BRIGGS, Clay Stone",-0.255,"Democrat"
68,1923,"BUCHANAN, James Paul",-0.481,"Democrat"
68,1923,"CONNALLY, Thomas Terry (Tom)",-0.195,"Democrat"
68,1923,"GARNER, John Nance",-0.471,"Democrat"
68,1923,"GARRETT, Daniel Edward",-0.368,"Democrat"
68,1923,"HUDSPETH, Claude Benton",-0.223,"Democrat"
68,1923,"JOHNSON, Luther Alexander",-0.187,"Democrat"
68,1923,"JONES, John Marvin",-0.203,"Democrat"
68,1923,"LANHAM, Fritz Garland",-0.073,"Democrat"
68,1923,"MANSFIELD, Joseph Jefferson",-0.232,"Democrat"
68,1923,"RAYBURN, Samuel Taliaferro",-0.395,"Democrat"
68,1923,"SANDERS, Morgan Gurley",-0.237,"Democrat"
68,1923,"SUMNERS, Hatton William",-0.184,"Democrat"
68,1923,"WILLIAMS, Guinn",-0.44,"Democrat"
68,1923,"WURZBACH, Harry McLeary",0.223,"Republican"
69,1925,"BLACK, Eugene",-0.345,"Democrat"
69,1925,"BLANTON, Thomas Lindsay",-0.096,"Democrat"
69,1925,"BOX, John Calvin",-0.396,"Democrat"
69,1925,"BRIGGS, Clay Stone",-0.255,"Democrat"
69,1925,"BUCHANAN, James Paul",-0.481,"Democrat"
69,1925,"CONNALLY, Thomas Terry (Tom)",-0.195,"Democrat"
69,1925,"GARNER, John Nance",-0.471,"Democrat"
69,1925,"GARRETT, Daniel Edward",-0.368,"Democrat"
69,1925,"HUDSPETH, Claude Benton",-0.223,"Democrat"
69,1925,"JOHNSON, Luther Alexander",-0.187,"Democrat"
69,1925,"JONES, John Marvin",-0.203,"Democrat"
69,1925,"LANHAM, Fritz Garland",-0.073,"Democrat"
69,1925,"MANSFIELD, Joseph Jefferson",-0.232,"Democrat"
69,1925,"RAYBURN, Samuel Taliaferro",-0.395,"Democrat"
69,1925,"SANDERS, Morgan Gurley",-0.237,"Democrat"
69,1925,"SUMNERS, Hatton William",-0.184,"Democrat"
69,1925,"WILLIAMS, Guinn",-0.44,"Democrat"
69,1925,"WURZBACH, Harry McLeary",0.223,"Republican"
70,1927,"BLACK, Eugene",-0.345,"Democrat"
70,1927,"BLANTON, Thomas Lindsay",-0.096,"Democrat"
70,1927,"BOX, John Calvin",-0.396,"Democrat"
70,1927,"BRIGGS, Clay Stone",-0.255,"Democrat"
70,1927,"BUCHANAN, James Paul",-0.481,"Democrat"
70,1927,"CONNALLY, Thomas Terry (Tom)",-0.195,"Democrat"
70,1927,"GARNER, John Nance",-0.471,"Democrat"
70,1927,"GARRETT, Daniel Edward",-0.368,"Democrat"
70,1927,"HUDSPETH, Claude Benton",-0.223,"Democrat"
70,1927,"JOHNSON, Luther Alexander",-0.187,"Democrat"
70,1927,"JONES, John Marvin",-0.203,"Democrat"
70,1927,"LANHAM, Fritz Garland",-0.073,"Democrat"
70,1927,"MANSFIELD, Joseph Jefferson",-0.232,"Democrat"
70,1927,"RAYBURN, Samuel Taliaferro",-0.395,"Democrat"
70,1927,"SANDERS, Morgan Gurley",-0.237,"Democrat"
70,1927,"SUMNERS, Hatton William",-0.184,"Democrat"
70,1927,"WILLIAMS, Guinn",-0.44,"Democrat"
70,1927,"WURZBACH, Harry McLeary",0.223,"Republican"
71,1929,"BLANTON, Thomas Lindsay",-0.096,"Democrat"
71,1929,"BOX, John Calvin",-0.396,"Democrat"
71,1929,"BRIGGS, Clay Stone",-0.255,"Democrat"
71,1929,"BUCHANAN, James Paul",-0.481,"Democrat"
71,1929,"CROSS, Oliver Harlan",-0.275,"Democrat"
71,1929,"GARNER, John Nance",-0.471,"Democrat"
71,1929,"GARRETT, Daniel Edward",-0.368,"Democrat"
71,1929,"HUDSPETH, Claude Benton",-0.223,"Democrat"
71,1929,"JOHNSON, Luther Alexander",-0.187,"Democrat"
71,1929,"JONES, John Marvin",-0.203,"Democrat"
71,1929,"LANHAM, Fritz Garland",-0.073,"Democrat"
71,1929,"LEE, Robert Quincy",NA,"Democrat"
71,1929,"MANSFIELD, Joseph Jefferson",-0.232,"Democrat"
71,1929,"McCLOSKEY, Augustus",NA,"Democrat"
71,1929,"PATMAN, John William Wright",-0.396,"Democrat"
71,1929,"RAYBURN, Samuel Taliaferro",-0.395,"Democrat"
71,1929,"SANDERS, Morgan Gurley",-0.237,"Democrat"
71,1929,"SUMNERS, Hatton William",-0.184,"Democrat"
71,1929,"WILLIAMS, Guinn",-0.44,"Democrat"
71,1929,"WURZBACH, Harry McLeary",0.223,"Republican"
72,1931,"BLANTON, Thomas Lindsay",-0.096,"Democrat"
72,1931,"BRIGGS, Clay Stone",-0.255,"Democrat"
72,1931,"BUCHANAN, James Paul",-0.481,"Democrat"
72,1931,"CROSS, Oliver Harlan",-0.275,"Democrat"
72,1931,"DIES, Martin, Jr.",0.003,"Democrat"
72,1931,"EAGLE, Joe Henry",-0.481,"Democrat"
72,1931,"GARNER, John Nance",-0.471,"Democrat"
72,1931,"GARRETT, Daniel Edward",-0.368,"Democrat"
72,1931,"JOHNSON, Luther Alexander",-0.187,"Democrat"
72,1931,"JONES, John Marvin",-0.203,"Democrat"
72,1931,"KLEBERG, Richard Mifflin, Sr.",0.027,"Democrat"
72,1931,"LANHAM, Fritz Garland",-0.073,"Democrat"
72,1931,"MANSFIELD, Joseph Jefferson",-0.232,"Democrat"
72,1931,"PATMAN, John William Wright",-0.396,"Democrat"
72,1931,"RAYBURN, Samuel Taliaferro",-0.395,"Democrat"
72,1931,"SANDERS, Morgan Gurley",-0.237,"Democrat"
72,1931,"SUMNERS, Hatton William",-0.184,"Democrat"
72,1931,"THOMASON, Robert Ewing",-0.212,"Democrat"
72,1931,"WILLIAMS, Guinn",-0.44,"Democrat"
72,1931,"WURZBACH, Harry McLeary",0.223,"Republican"
73,1933,"BAILEY, Joseph Weldon, Jr.",-0.084,"Democrat"
73,1933,"BLANTON, Thomas Lindsay",-0.096,"Democrat"
73,1933,"BRIGGS, Clay Stone",-0.255,"Democrat"
73,1933,"BUCHANAN, James Paul",-0.481,"Democrat"
73,1933,"CROSS, Oliver Harlan",-0.275,"Democrat"
73,1933,"DIES, Martin, Jr.",0.003,"Democrat"
73,1933,"EAGLE, Joe Henry",-0.481,"Democrat"
73,1933,"JOHNSON, Luther Alexander",-0.187,"Democrat"
73,1933,"JONES, John Marvin",-0.203,"Democrat"
73,1933,"KLEBERG, Richard Mifflin, Sr.",0.027,"Democrat"
73,1933,"LANHAM, Fritz Garland",-0.073,"Democrat"
73,1933,"MANSFIELD, Joseph Jefferson",-0.232,"Democrat"
73,1933,"McFARLANE, William Doddridge",-0.089,"Democrat"
73,1933,"PATMAN, John William Wright",-0.396,"Democrat"
73,1933,"RAYBURN, Samuel Taliaferro",-0.395,"Democrat"
73,1933,"SANDERS, Morgan Gurley",-0.237,"Democrat"
73,1933,"STRONG, Sterling Price",-0.048,"Democrat"
73,1933,"SUMNERS, Hatton William",-0.184,"Democrat"
73,1933,"TERRELL, George Butler",0.191,"Democrat"
73,1933,"THOMASON, Robert Ewing",-0.212,"Democrat"
73,1933,"THOMPSON, Clark Wallace",-0.306,"Democrat"
73,1933,"WEST, Milton Horace",0.037,"Democrat"
74,1935,"BLANTON, Thomas Lindsay",-0.096,"Democrat"
74,1935,"BUCHANAN, James Paul",-0.481,"Democrat"
74,1935,"CROSS, Oliver Harlan",-0.275,"Democrat"
74,1935,"DIES, Martin, Jr.",0.003,"Democrat"
74,1935,"EAGLE, Joe Henry",-0.481,"Democrat"
74,1935,"JOHNSON, Luther Alexander",-0.187,"Democrat"
74,1935,"JONES, John Marvin",-0.203,"Democrat"
74,1935,"KLEBERG, Richard Mifflin, Sr.",0.027,"Democrat"
74,1935,"LANHAM, Fritz Garland",-0.073,"Democrat"
74,1935,"MAHON, George Herman",-0.168,"Democrat"
74,1935,"MANSFIELD, Joseph Jefferson",-0.232,"Democrat"
74,1935,"MAVERICK, Fontaine Maury",-0.466,"Democrat"
74,1935,"McFARLANE, William Doddridge",-0.089,"Democrat"
74,1935,"PATMAN, John William Wright",-0.396,"Democrat"
74,1935,"PATTON, Nat",-0.17,"Democrat"
74,1935,"RAYBURN, Samuel Taliaferro",-0.395,"Democrat"
74,1935,"SANDERS, Morgan Gurley",-0.237,"Democrat"
74,1935,"SOUTH, Charles Lacy",-0.117,"Democrat"
74,1935,"SUMNERS, Hatton William",-0.184,"Democrat"
74,1935,"THOMASON, Robert Ewing",-0.212,"Democrat"
74,1935,"WEST, Milton Horace",0.037,"Democrat"
75,1937,"BUCHANAN, James Paul",-0.481,"Democrat"
75,1937,"DIES, Martin, Jr.",0.003,"Democrat"
75,1937,"GARRETT, Clyde Leonard",-0.085,"Democrat"
75,1937,"JOHNSON, Luther Alexander",-0.187,"Democrat"
75,1937,"JOHNSON, Lyndon Baines",-0.242,"Democrat"
75,1937,"JONES, John Marvin",-0.203,"Democrat"
75,1937,"KLEBERG, Richard Mifflin, Sr.",0.027,"Democrat"
75,1937,"LANHAM, Fritz Garland",-0.073,"Democrat"
75,1937,"MAHON, George Herman",-0.168,"Democrat"
75,1937,"MANSFIELD, Joseph Jefferson",-0.232,"Democrat"
75,1937,"MAVERICK, Fontaine Maury",-0.466,"Democrat"
75,1937,"McFARLANE, William Doddridge",-0.089,"Democrat"
75,1937,"PATMAN, John William Wright",-0.396,"Democrat"
75,1937,"PATTON, Nat",-0.17,"Democrat"
75,1937,"POAGE, William Robert",-0.082,"Democrat"
75,1937,"RAYBURN, Samuel Taliaferro",-0.395,"Democrat"
75,1937,"SANDERS, Morgan Gurley",-0.237,"Democrat"
75,1937,"SOUTH, Charles Lacy",-0.117,"Democrat"
75,1937,"SUMNERS, Hatton William",-0.184,"Democrat"
75,1937,"THOMAS, Albert",-0.219,"Democrat"
75,1937,"THOMASON, Robert Ewing",-0.212,"Democrat"
75,1937,"WEST, Milton Horace",0.037,"Democrat"
76,1939,"BECKWORTH, Lindley Garrison, Sr.",-0.238,"Democrat"
76,1939,"DIES, Martin, Jr.",0.003,"Democrat"
76,1939,"GARRETT, Clyde Leonard",-0.085,"Democrat"
76,1939,"GOSSETT, Ed Lee",-0.002,"Democrat"
76,1939,"JOHNSON, Luther Alexander",-0.187,"Democrat"
76,1939,"JOHNSON, Lyndon Baines",-0.242,"Democrat"
76,1939,"JONES, John Marvin",-0.203,"Democrat"
76,1939,"KILDAY, Paul Joseph",-0.107,"Democrat"
76,1939,"KLEBERG, Richard Mifflin, Sr.",0.027,"Democrat"
76,1939,"LANHAM, Fritz Garland",-0.073,"Democrat"
76,1939,"MAHON, George Herman",-0.168,"Democrat"
76,1939,"MANSFIELD, Joseph Jefferson",-0.232,"Democrat"
76,1939,"PATMAN, John William Wright",-0.396,"Democrat"
76,1939,"PATTON, Nat",-0.17,"Democrat"
76,1939,"POAGE, William Robert",-0.082,"Democrat"
76,1939,"RAYBURN, Samuel Taliaferro",-0.395,"Democrat"
76,1939,"SOUTH, Charles Lacy",-0.117,"Democrat"
76,1939,"SUMNERS, Hatton William",-0.184,"Democrat"
76,1939,"THOMAS, Albert",-0.219,"Democrat"
76,1939,"THOMASON, Robert Ewing",-0.212,"Democrat"
76,1939,"WEST, Milton Horace",0.037,"Democrat"
77,1941,"BECKWORTH, Lindley Garrison, Sr.",-0.238,"Democrat"
77,1941,"DIES, Martin, Jr.",0.003,"Democrat"
77,1941,"GOSSETT, Ed Lee",-0.002,"Democrat"
77,1941,"JOHNSON, Luther Alexander",-0.187,"Democrat"
77,1941,"JOHNSON, Lyndon Baines",-0.242,"Democrat"
77,1941,"KILDAY, Paul Joseph",-0.107,"Democrat"
77,1941,"KLEBERG, Richard Mifflin, Sr.",0.027,"Democrat"
77,1941,"LANHAM, Fritz Garland",-0.073,"Democrat"
77,1941,"MAHON, George Herman",-0.168,"Democrat"
77,1941,"MANSFIELD, Joseph Jefferson",-0.232,"Democrat"
77,1941,"PATMAN, John William Wright",-0.396,"Democrat"
77,1941,"PATTON, Nat",-0.17,"Democrat"
77,1941,"POAGE, William Robert",-0.082,"Democrat"
77,1941,"RAYBURN, Samuel Taliaferro",-0.395,"Democrat"
77,1941,"RUSSELL, Sam Morris",-0.046,"Democrat"
77,1941,"SOUTH, Charles Lacy",-0.117,"Democrat"
77,1941,"SUMNERS, Hatton William",-0.184,"Democrat"
77,1941,"THOMAS, Albert",-0.219,"Democrat"
77,1941,"THOMASON, Robert Ewing",-0.212,"Democrat"
77,1941,"WEST, Milton Horace",0.037,"Democrat"
77,1941,"WORLEY, Francis Eugene",-0.19,"Democrat"
78,1943,"BECKWORTH, Lindley Garrison, Sr.",-0.238,"Democrat"
78,1943,"DIES, Martin, Jr.",0.003,"Democrat"
78,1943,"FISHER, Ovie Clark",0.038,"Democrat"
78,1943,"GOSSETT, Ed Lee",-0.002,"Democrat"
78,1943,"JOHNSON, Luther Alexander",-0.187,"Democrat"
78,1943,"JOHNSON, Lyndon Baines",-0.242,"Democrat"
78,1943,"KILDAY, Paul Joseph",-0.107,"Democrat"
78,1943,"KLEBERG, Richard Mifflin, Sr.",0.027,"Democrat"
78,1943,"LANHAM, Fritz Garland",-0.073,"Democrat"
78,1943,"MAHON, George Herman",-0.168,"Democrat"
78,1943,"MANSFIELD, Joseph Jefferson",-0.232,"Democrat"
78,1943,"PATMAN, John William Wright",-0.396,"Democrat"
78,1943,"PATTON, Nat",-0.17,"Democrat"
78,1943,"POAGE, William Robert",-0.082,"Democrat"
78,1943,"RAYBURN, Samuel Taliaferro",-0.395,"Democrat"
78,1943,"RUSSELL, Sam Morris",-0.046,"Democrat"
78,1943,"SUMNERS, Hatton William",-0.184,"Democrat"
78,1943,"THOMAS, Albert",-0.219,"Democrat"
78,1943,"THOMASON, Robert Ewing",-0.212,"Democrat"
78,1943,"WEST, Milton Horace",0.037,"Democrat"
78,1943,"WORLEY, Francis Eugene",-0.19,"Democrat"
79,1945,"BECKWORTH, Lindley Garrison, Sr.",-0.238,"Democrat"
79,1945,"COMBS, Jesse Martin",-0.341,"Democrat"
79,1945,"FISHER, Ovie Clark",0.038,"Democrat"
79,1945,"GOSSETT, Ed Lee",-0.002,"Democrat"
79,1945,"JOHNSON, Luther Alexander",-0.187,"Democrat"
79,1945,"JOHNSON, Lyndon Baines",-0.242,"Democrat"
79,1945,"KILDAY, Paul Joseph",-0.107,"Democrat"
79,1945,"LANHAM, Fritz Garland",-0.073,"Democrat"
79,1945,"LYLE, John Emmett, Jr.",-0.198,"Democrat"
79,1945,"MAHON, George Herman",-0.168,"Democrat"
79,1945,"MANSFIELD, Joseph Jefferson",-0.232,"Democrat"
79,1945,"PATMAN, John William Wright",-0.396,"Democrat"
79,1945,"PICKETT, Thomas Augustus",0.016,"Democrat"
79,1945,"POAGE, William Robert",-0.082,"Democrat"
79,1945,"RAYBURN, Samuel Taliaferro",-0.395,"Democrat"
79,1945,"RUSSELL, Sam Morris",-0.046,"Democrat"
79,1945,"SUMNERS, Hatton William",-0.184,"Democrat"
79,1945,"THOMAS, Albert",-0.219,"Democrat"
79,1945,"THOMASON, Robert Ewing",-0.212,"Democrat"
79,1945,"WEST, Milton Horace",0.037,"Democrat"
79,1945,"WORLEY, Francis Eugene",-0.19,"Democrat"
80,1947,"BECKWORTH, Lindley Garrison, Sr.",-0.238,"Democrat"
80,1947,"BURLESON, Omar Truman",0.002,"Democrat"
80,1947,"COMBS, Jesse Martin",-0.341,"Democrat"
80,1947,"FISHER, Ovie Clark",0.038,"Democrat"
80,1947,"GOSSETT, Ed Lee",-0.002,"Democrat"
80,1947,"JOHNSON, Lyndon Baines",-0.242,"Democrat"
80,1947,"KILDAY, Paul Joseph",-0.107,"Democrat"
80,1947,"LUCAS, Wingate Hezekiah",0.033,"Democrat"
80,1947,"LYLE, John Emmett, Jr.",-0.198,"Democrat"
80,1947,"MAHON, George Herman",-0.168,"Democrat"
80,1947,"MANSFIELD, Joseph Jefferson",-0.232,"Democrat"
80,1947,"PATMAN, John William Wright",-0.396,"Democrat"
80,1947,"PICKETT, Thomas Augustus",0.016,"Democrat"
80,1947,"POAGE, William Robert",-0.082,"Democrat"
80,1947,"RAYBURN, Samuel Taliaferro",-0.395,"Democrat"
80,1947,"REGAN, Kenneth Mills",0.058,"Democrat"
80,1947,"TEAGUE, Olin Earl",-0.102,"Democrat"
80,1947,"THOMAS, Albert",-0.219,"Democrat"
80,1947,"THOMASON, Robert Ewing",-0.212,"Democrat"
80,1947,"THOMPSON, Clark Wallace",-0.306,"Democrat"
80,1947,"WEST, Milton Horace",0.037,"Democrat"
80,1947,"WILSON, Joseph Franklin",0.083,"Democrat"
80,1947,"WORLEY, Francis Eugene",-0.19,"Democrat"
81,1949,"BECKWORTH, Lindley Garrison, Sr.",-0.238,"Democrat"
81,1949,"BENTSEN, Lloyd Millard, Jr.",-0.163,"Democrat"
81,1949,"BURLESON, Omar Truman",0.002,"Democrat"
81,1949,"COMBS, Jesse Martin",-0.341,"Democrat"
81,1949,"FISHER, Ovie Clark",0.038,"Democrat"
81,1949,"GOSSETT, Ed Lee",-0.002,"Democrat"
81,1949,"GUILL, Ben Hugh",0.239,"Republican"
81,1949,"KILDAY, Paul Joseph",-0.107,"Democrat"
81,1949,"LUCAS, Wingate Hezekiah",0.033,"Democrat"
81,1949,"LYLE, John Emmett, Jr.",-0.198,"Democrat"
81,1949,"MAHON, George Herman",-0.168,"Democrat"
81,1949,"PATMAN, John William Wright",-0.396,"Democrat"
81,1949,"PICKETT, Thomas Augustus",0.016,"Democrat"
81,1949,"POAGE, William Robert",-0.082,"Democrat"
81,1949,"RAYBURN, Samuel Taliaferro",-0.395,"Democrat"
81,1949,"REGAN, Kenneth Mills",0.058,"Democrat"
81,1949,"TEAGUE, Olin Earl",-0.102,"Democrat"
81,1949,"THOMAS, Albert",-0.219,"Democrat"
81,1949,"THOMPSON, Clark Wallace",-0.306,"Democrat"
81,1949,"THORNBERRY, William Homer",-0.305,"Democrat"
81,1949,"WILSON, Joseph Franklin",0.083,"Democrat"
81,1949,"WORLEY, Francis Eugene",-0.19,"Democrat"
82,1951,"BECKWORTH, Lindley Garrison, Sr.",-0.238,"Democrat"
82,1951,"BENTSEN, Lloyd Millard, Jr.",-0.163,"Democrat"
82,1951,"BURLESON, Omar Truman",0.002,"Democrat"
82,1951,"COMBS, Jesse Martin",-0.341,"Democrat"
82,1951,"FISHER, Ovie Clark",0.038,"Democrat"
82,1951,"GOSSETT, Ed Lee",-0.002,"Democrat"
82,1951,"IKARD, Frank Neville",-0.192,"Democrat"
82,1951,"KILDAY, Paul Joseph",-0.107,"Democrat"
82,1951,"LUCAS, Wingate Hezekiah",0.033,"Democrat"
82,1951,"LYLE, John Emmett, Jr.",-0.198,"Democrat"
82,1951,"MAHON, George Herman",-0.168,"Democrat"
82,1951,"PATMAN, John William Wright",-0.396,"Democrat"
82,1951,"PICKETT, Thomas Augustus",0.016,"Democrat"
82,1951,"POAGE, William Robert",-0.082,"Democrat"
82,1951,"RAYBURN, Samuel Taliaferro",-0.395,"Democrat"
82,1951,"REGAN, Kenneth Mills",0.058,"Democrat"
82,1951,"ROGERS, Walter Edward",-0.056,"Democrat"
82,1951,"TEAGUE, Olin Earl",-0.102,"Democrat"
82,1951,"THOMAS, Albert",-0.219,"Democrat"
82,1951,"THOMPSON, Clark Wallace",-0.306,"Democrat"
82,1951,"THORNBERRY, William Homer",-0.305,"Democrat"
82,1951,"WILSON, Joseph Franklin",0.083,"Democrat"
83,1953,"BENTSEN, Lloyd Millard, Jr.",-0.163,"Democrat"
83,1953,"BROOKS, Jack Bascom",-0.407,"Democrat"
83,1953,"BURLESON, Omar Truman",0.002,"Democrat"
83,1953,"DIES, Martin, Jr.",0.003,"Democrat"
83,1953,"DOWDY, John Vernard",0.086,"Democrat"
83,1953,"FISHER, Ovie Clark",0.038,"Democrat"
83,1953,"GENTRY, Brady Preston",0.234,"Democrat"
83,1953,"IKARD, Frank Neville",-0.192,"Democrat"
83,1953,"KILDAY, Paul Joseph",-0.107,"Democrat"
83,1953,"LUCAS, Wingate Hezekiah",0.033,"Democrat"
83,1953,"LYLE, John Emmett, Jr.",-0.198,"Democrat"
83,1953,"MAHON, George Herman",-0.168,"Democrat"
83,1953,"PATMAN, John William Wright",-0.396,"Democrat"
83,1953,"POAGE, William Robert",-0.082,"Democrat"
83,1953,"RAYBURN, Samuel Taliaferro",-0.395,"Democrat"
83,1953,"REGAN, Kenneth Mills",0.058,"Democrat"
83,1953,"ROGERS, Walter Edward",-0.056,"Democrat"
83,1953,"TEAGUE, Olin Earl",-0.102,"Democrat"
83,1953,"THOMAS, Albert",-0.219,"Democrat"
83,1953,"THOMPSON, Clark Wallace",-0.306,"Democrat"
83,1953,"THORNBERRY, William Homer",-0.305,"Democrat"
83,1953,"WILSON, Joseph Franklin",0.083,"Democrat"
84,1955,"ALGER, Bruce Reynolds",0.616,"Republican"
84,1955,"BELL, John Junior",-0.048,"Democrat"
84,1955,"BROOKS, Jack Bascom",-0.407,"Democrat"
84,1955,"BURLESON, Omar Truman",0.002,"Democrat"
84,1955,"DIES, Martin, Jr.",0.003,"Democrat"
84,1955,"DOWDY, John Vernard",0.086,"Democrat"
84,1955,"FISHER, Ovie Clark",0.038,"Democrat"
84,1955,"GENTRY, Brady Preston",0.234,"Democrat"
84,1955,"IKARD, Frank Neville",-0.192,"Democrat"
84,1955,"KILDAY, Paul Joseph",-0.107,"Democrat"
84,1955,"KILGORE, Joe Madison",-0.059,"Democrat"
84,1955,"MAHON, George Herman",-0.168,"Democrat"
84,1955,"PATMAN, John William Wright",-0.396,"Democrat"
84,1955,"POAGE, William Robert",-0.082,"Democrat"
84,1955,"RAYBURN, Samuel Taliaferro",-0.395,"Democrat"
84,1955,"ROGERS, Walter Edward",-0.056,"Democrat"
84,1955,"RUTHERFORD, J. T.",-0.152,"Democrat"
84,1955,"TEAGUE, Olin Earl",-0.102,"Democrat"
84,1955,"THOMAS, Albert",-0.219,"Democrat"
84,1955,"THOMPSON, Clark Wallace",-0.306,"Democrat"
84,1955,"THORNBERRY, William Homer",-0.305,"Democrat"
84,1955,"WRIGHT, James Claude, Jr.",-0.383,"Democrat"
85,1957,"ALGER, Bruce Reynolds",0.616,"Republican"
85,1957,"BECKWORTH, Lindley Garrison, Sr.",-0.238,"Democrat"
85,1957,"BROOKS, Jack Bascom",-0.407,"Democrat"
85,1957,"BURLESON, Omar Truman",0.002,"Democrat"
85,1957,"DIES, Martin, Jr.",0.003,"Democrat"
85,1957,"DOWDY, John Vernard",0.086,"Democrat"
85,1957,"FISHER, Ovie Clark",0.038,"Democrat"
85,1957,"IKARD, Frank Neville",-0.192,"Democrat"
85,1957,"KILDAY, Paul Joseph",-0.107,"Democrat"
85,1957,"KILGORE, Joe Madison",-0.059,"Democrat"
85,1957,"MAHON, George Herman",-0.168,"Democrat"
85,1957,"PATMAN, John William Wright",-0.396,"Democrat"
85,1957,"POAGE, William Robert",-0.082,"Democrat"
85,1957,"RAYBURN, Samuel Taliaferro",-0.395,"Democrat"
85,1957,"ROGERS, Walter Edward",-0.056,"Democrat"
85,1957,"RUTHERFORD, J. T.",-0.152,"Democrat"
85,1957,"TEAGUE, Olin Earl",-0.102,"Democrat"
85,1957,"THOMAS, Albert",-0.219,"Democrat"
85,1957,"THOMPSON, Clark Wallace",-0.306,"Democrat"
85,1957,"THORNBERRY, William Homer",-0.305,"Democrat"
85,1957,"WRIGHT, James Claude, Jr.",-0.383,"Democrat"
85,1957,"YOUNG, John Andrew",-0.342,"Democrat"
86,1959,"ALGER, Bruce Reynolds",0.616,"Republican"
86,1959,"BECKWORTH, Lindley Garrison, Sr.",-0.238,"Democrat"
86,1959,"BROOKS, Jack Bascom",-0.407,"Democrat"
86,1959,"BURLESON, Omar Truman",0.002,"Democrat"
86,1959,"CASEY, Robert Randolph",-0.098,"Democrat"
86,1959,"DOWDY, John Vernard",0.086,"Democrat"
86,1959,"FISHER, Ovie Clark",0.038,"Democrat"
86,1959,"IKARD, Frank Neville",-0.192,"Democrat"
86,1959,"KILDAY, Paul Joseph",-0.107,"Democrat"
86,1959,"KILGORE, Joe Madison",-0.059,"Democrat"
86,1959,"MAHON, George Herman",-0.168,"Democrat"
86,1959,"PATMAN, John William Wright",-0.396,"Democrat"
86,1959,"POAGE, William Robert",-0.082,"Democrat"
86,1959,"RAYBURN, Samuel Taliaferro",-0.395,"Democrat"
86,1959,"ROGERS, Walter Edward",-0.056,"Democrat"
86,1959,"RUTHERFORD, J. T.",-0.152,"Democrat"
86,1959,"TEAGUE, Olin Earl",-0.102,"Democrat"
86,1959,"THOMAS, Albert",-0.219,"Democrat"
86,1959,"THOMPSON, Clark Wallace",-0.306,"Democrat"
86,1959,"THORNBERRY, William Homer",-0.305,"Democrat"
86,1959,"WRIGHT, James Claude, Jr.",-0.383,"Democrat"
86,1959,"YOUNG, John Andrew",-0.342,"Democrat"
87,1961,"ALGER, Bruce Reynolds",0.616,"Republican"
87,1961,"BECKWORTH, Lindley Garrison, Sr.",-0.238,"Democrat"
87,1961,"BROOKS, Jack Bascom",-0.407,"Democrat"
87,1961,"BURLESON, Omar Truman",0.002,"Democrat"
87,1961,"CASEY, Robert Randolph",-0.098,"Democrat"
87,1961,"DOWDY, John Vernard",0.086,"Democrat"
87,1961,"FISHER, Ovie Clark",0.038,"Democrat"
87,1961,"IKARD, Frank Neville",-0.192,"Democrat"
87,1961,"KILDAY, Paul Joseph",-0.107,"Democrat"
87,1961,"KILGORE, Joe Madison",-0.059,"Democrat"
87,1961,"MAHON, George Herman",-0.168,"Democrat"
87,1961,"PATMAN, John William Wright",-0.396,"Democrat"
87,1961,"POAGE, William Robert",-0.082,"Democrat"
87,1961,"RAYBURN, Samuel Taliaferro",-0.395,"Democrat"
87,1961,"ROGERS, Walter Edward",-0.056,"Democrat"
87,1961,"RUTHERFORD, J. T.",-0.152,"Democrat"
87,1961,"TEAGUE, Olin Earl",-0.102,"Democrat"
87,1961,"THOMAS, Albert",-0.219,"Democrat"
87,1961,"THOMPSON, Clark Wallace",-0.306,"Democrat"
87,1961,"THORNBERRY, William Homer",-0.305,"Democrat"
87,1961,"WRIGHT, James Claude, Jr.",-0.383,"Democrat"
87,1961,"YOUNG, John Andrew",-0.342,"Democrat"
87,1961,"GONZÁLEZ, Henry B.",-0.538,"Democrat"
87,1961,"PURCELL, Graham Boynton, Jr.",-0.257,"Democrat"
87,1961,"ROBERTS, Herbert Ray",-0.131,"Democrat"
88,1963,"ALGER, Bruce Reynolds",0.616,"Republican"
88,1963,"BECKWORTH, Lindley Garrison, Sr.",-0.238,"Democrat"
88,1963,"BROOKS, Jack Bascom",-0.407,"Democrat"
88,1963,"BURLESON, Omar Truman",0.002,"Democrat"
88,1963,"CASEY, Robert Randolph",-0.098,"Democrat"
88,1963,"DOWDY, John Vernard",0.086,"Democrat"
88,1963,"FISHER, Ovie Clark",0.038,"Democrat"
88,1963,"KILGORE, Joe Madison",-0.059,"Democrat"
88,1963,"MAHON, George Herman",-0.168,"Democrat"
88,1963,"PATMAN, John William Wright",-0.396,"Democrat"
88,1963,"POAGE, William Robert",-0.082,"Democrat"
88,1963,"ROGERS, Walter Edward",-0.056,"Democrat"
88,1963,"TEAGUE, Olin Earl",-0.102,"Democrat"
88,1963,"THOMAS, Albert",-0.219,"Democrat"
88,1963,"THOMPSON, Clark Wallace",-0.306,"Democrat"
88,1963,"THORNBERRY, William Homer",-0.305,"Democrat"
88,1963,"WRIGHT, James Claude, Jr.",-0.383,"Democrat"
88,1963,"YOUNG, John Andrew",-0.342,"Democrat"
88,1963,"GONZÁLEZ, Henry B.",-0.538,"Democrat"
88,1963,"PURCELL, Graham Boynton, Jr.",-0.257,"Democrat"
88,1963,"ROBERTS, Herbert Ray",-0.131,"Democrat"
88,1963,"FOREMAN, Edgar Franklin",0.407,"Republican"
88,1963,"PICKLE, James Jarrell (Jake)",-0.218,"Democrat"
88,1963,"POOL, Joe Richard",0.027,"Democrat"
89,1965,"BECKWORTH, Lindley Garrison, Sr.",-0.238,"Democrat"
89,1965,"BROOKS, Jack Bascom",-0.407,"Democrat"
89,1965,"BURLESON, Omar Truman",0.002,"Democrat"
89,1965,"CASEY, Robert Randolph",-0.098,"Democrat"
89,1965,"DOWDY, John Vernard",0.086,"Democrat"
89,1965,"FISHER, Ovie Clark",0.038,"Democrat"
89,1965,"MAHON, George Herman",-0.168,"Democrat"
89,1965,"PATMAN, John William Wright",-0.396,"Democrat"
89,1965,"POAGE, William Robert",-0.082,"Democrat"
89,1965,"ROGERS, Walter Edward",-0.056,"Democrat"
89,1965,"TEAGUE, Olin Earl",-0.102,"Democrat"
89,1965,"THOMAS, Albert",-0.219,"Democrat"
89,1965,"THOMPSON, Clark Wallace",-0.306,"Democrat"
89,1965,"WRIGHT, James Claude, Jr.",-0.383,"Democrat"
89,1965,"YOUNG, John Andrew",-0.342,"Democrat"
89,1965,"GONZÁLEZ, Henry B.",-0.538,"Democrat"
89,1965,"PURCELL, Graham Boynton, Jr.",-0.257,"Democrat"
89,1965,"ROBERTS, Herbert Ray",-0.131,"Democrat"
89,1965,"PICKLE, James Jarrell (Jake)",-0.218,"Democrat"
89,1965,"POOL, Joe Richard",0.027,"Democrat"
89,1965,"CABELL, Earle",-0.195,"Democrat"
89,1965,"de la GARZA, Eligio, II (Kika)",-0.255,"Democrat"
89,1965,"WHITE, Richard Crawford",-0.137,"Democrat"
89,1965,"THOMAS, Lera Millard",-0.482,"Democrat"
90,1967,"BROOKS, Jack Bascom",-0.407,"Democrat"
90,1967,"BURLESON, Omar Truman",0.002,"Democrat"
90,1967,"CASEY, Robert Randolph",-0.098,"Democrat"
90,1967,"DOWDY, John Vernard",0.086,"Democrat"
90,1967,"FISHER, Ovie Clark",0.038,"Democrat"
90,1967,"MAHON, George Herman",-0.168,"Democrat"
90,1967,"PATMAN, John William Wright",-0.396,"Democrat"
90,1967,"POAGE, William Robert",-0.082,"Democrat"
90,1967,"TEAGUE, Olin Earl",-0.102,"Democrat"
90,1967,"WRIGHT, James Claude, Jr.",-0.383,"Democrat"
90,1967,"YOUNG, John Andrew",-0.342,"Democrat"
90,1967,"GONZÁLEZ, Henry B.",-0.538,"Democrat"
90,1967,"PURCELL, Graham Boynton, Jr.",-0.257,"Democrat"
90,1967,"ROBERTS, Herbert Ray",-0.131,"Democrat"
90,1967,"PICKLE, James Jarrell (Jake)",-0.218,"Democrat"
90,1967,"POOL, Joe Richard",0.027,"Democrat"
90,1967,"CABELL, Earle",-0.195,"Democrat"
90,1967,"de la GARZA, Eligio, II (Kika)",-0.255,"Democrat"
90,1967,"WHITE, Richard Crawford",-0.137,"Democrat"
90,1967,"BUSH, George Herbert Walker",0.196,"Republican"
90,1967,"ECKHARDT, Robert Christian",-0.547,"Democrat"
90,1967,"KAZEN, Abraham, Jr.",-0.219,"Democrat"
90,1967,"PRICE, Robert Dale",0.304,"Republican"
90,1967,"COLLINS, James Mitchell",0.679,"Republican"
91,1969,"BROOKS, Jack Bascom",-0.407,"Democrat"
91,1969,"BURLESON, Omar Truman",0.002,"Democrat"
91,1969,"CASEY, Robert Randolph",-0.098,"Democrat"
91,1969,"DOWDY, John Vernard",0.086,"Democrat"
91,1969,"FISHER, Ovie Clark",0.038,"Democrat"
91,1969,"MAHON, George Herman",-0.168,"Democrat"
91,1969,"PATMAN, John William Wright",-0.396,"Democrat"
91,1969,"POAGE, William Robert",-0.082,"Democrat"
91,1969,"TEAGUE, Olin Earl",-0.102,"Democrat"
91,1969,"WRIGHT, James Claude, Jr.",-0.383,"Democrat"
91,1969,"YOUNG, John Andrew",-0.342,"Democrat"
91,1969,"GONZÁLEZ, Henry B.",-0.538,"Democrat"
91,1969,"PURCELL, Graham Boynton, Jr.",-0.257,"Democrat"
91,1969,"ROBERTS, Herbert Ray",-0.131,"Democrat"
91,1969,"PICKLE, James Jarrell (Jake)",-0.218,"Democrat"
91,1969,"CABELL, Earle",-0.195,"Democrat"
91,1969,"de la GARZA, Eligio, II (Kika)",-0.255,"Democrat"
91,1969,"WHITE, Richard Crawford",-0.137,"Democrat"
91,1969,"BUSH, George Herbert Walker",0.196,"Republican"
91,1969,"ECKHARDT, Robert Christian",-0.547,"Democrat"
91,1969,"KAZEN, Abraham, Jr.",-0.219,"Democrat"
91,1969,"PRICE, Robert Dale",0.304,"Republican"
91,1969,"COLLINS, James Mitchell",0.679,"Republican"
92,1971,"BROOKS, Jack Bascom",-0.407,"Democrat"
92,1971,"BURLESON, Omar Truman",0.002,"Democrat"
92,1971,"CASEY, Robert Randolph",-0.098,"Democrat"
92,1971,"DOWDY, John Vernard",0.086,"Democrat"
92,1971,"FISHER, Ovie Clark",0.038,"Democrat"
92,1971,"MAHON, George Herman",-0.168,"Democrat"
92,1971,"PATMAN, John William Wright",-0.396,"Democrat"
92,1971,"POAGE, William Robert",-0.082,"Democrat"
92,1971,"TEAGUE, Olin Earl",-0.102,"Democrat"
92,1971,"WRIGHT, James Claude, Jr.",-0.383,"Democrat"
92,1971,"YOUNG, John Andrew",-0.342,"Democrat"
92,1971,"GONZÁLEZ, Henry B.",-0.538,"Democrat"
92,1971,"PURCELL, Graham Boynton, Jr.",-0.257,"Democrat"
92,1971,"ROBERTS, Herbert Ray",-0.131,"Democrat"
92,1971,"PICKLE, James Jarrell (Jake)",-0.218,"Democrat"
92,1971,"CABELL, Earle",-0.195,"Democrat"
92,1971,"de la GARZA, Eligio, II (Kika)",-0.255,"Democrat"
92,1971,"WHITE, Richard Crawford",-0.137,"Democrat"
92,1971,"ECKHARDT, Robert Christian",-0.547,"Democrat"
92,1971,"KAZEN, Abraham, Jr.",-0.219,"Democrat"
92,1971,"PRICE, Robert Dale",0.304,"Republican"
92,1971,"COLLINS, James Mitchell",0.679,"Republican"
92,1971,"ARCHER, William Reynolds, Jr.",0.496,"Republican"
93,1973,"BROOKS, Jack Bascom",-0.407,"Democrat"
93,1973,"BURLESON, Omar Truman",0.002,"Democrat"
93,1973,"CASEY, Robert Randolph",-0.098,"Democrat"
93,1973,"FISHER, Ovie Clark",0.038,"Democrat"
93,1973,"MAHON, George Herman",-0.168,"Democrat"
93,1973,"PATMAN, John William Wright",-0.396,"Democrat"
93,1973,"POAGE, William Robert",-0.082,"Democrat"
93,1973,"TEAGUE, Olin Earl",-0.102,"Democrat"
93,1973,"WRIGHT, James Claude, Jr.",-0.383,"Democrat"
93,1973,"YOUNG, John Andrew",-0.342,"Democrat"
93,1973,"GONZÁLEZ, Henry B.",-0.538,"Democrat"
93,1973,"ROBERTS, Herbert Ray",-0.131,"Democrat"
93,1973,"PICKLE, James Jarrell (Jake)",-0.218,"Democrat"
93,1973,"de la GARZA, Eligio, II (Kika)",-0.255,"Democrat"
93,1973,"WHITE, Richard Crawford",-0.137,"Democrat"
93,1973,"ECKHARDT, Robert Christian",-0.547,"Democrat"
93,1973,"KAZEN, Abraham, Jr.",-0.219,"Democrat"
93,1973,"PRICE, Robert Dale",0.304,"Republican"
93,1973,"COLLINS, James Mitchell",0.679,"Republican"
93,1973,"ARCHER, William Reynolds, Jr.",0.496,"Republican"
93,1973,"JORDAN, Barbara Charline",-0.522,"Democrat"
93,1973,"MILFORD, Dale",0.012,"Democrat"
93,1973,"STEELMAN, Alan Watson",0.255,"Republican"
93,1973,"WILSON, Charles",-0.196,"Democrat"
94,1975,"BROOKS, Jack Bascom",-0.407,"Democrat"
94,1975,"BURLESON, Omar Truman",0.002,"Democrat"
94,1975,"CASEY, Robert Randolph",-0.098,"Democrat"
94,1975,"MAHON, George Herman",-0.168,"Democrat"
94,1975,"PATMAN, John William Wright",-0.396,"Democrat"
94,1975,"POAGE, William Robert",-0.082,"Democrat"
94,1975,"TEAGUE, Olin Earl",-0.102,"Democrat"
94,1975,"WRIGHT, James Claude, Jr.",-0.383,"Democrat"
94,1975,"YOUNG, John Andrew",-0.342,"Democrat"
94,1975,"GONZÁLEZ, Henry B.",-0.538,"Democrat"
94,1975,"ROBERTS, Herbert Ray",-0.131,"Democrat"
94,1975,"PICKLE, James Jarrell (Jake)",-0.218,"Democrat"
94,1975,"de la GARZA, Eligio, II (Kika)",-0.255,"Democrat"
94,1975,"WHITE, Richard Crawford",-0.137,"Democrat"
94,1975,"ECKHARDT, Robert Christian",-0.547,"Democrat"
94,1975,"KAZEN, Abraham, Jr.",-0.219,"Democrat"
94,1975,"COLLINS, James Mitchell",0.679,"Republican"
94,1975,"ARCHER, William Reynolds, Jr.",0.496,"Republican"
94,1975,"JORDAN, Barbara Charline",-0.522,"Democrat"
94,1975,"MILFORD, Dale",0.012,"Democrat"
94,1975,"STEELMAN, Alan Watson",0.255,"Republican"
94,1975,"WILSON, Charles",-0.196,"Democrat"
94,1975,"HIGHTOWER, Jack English",-0.115,"Democrat"
94,1975,"KRUEGER, Robert Charles",-0.117,"Democrat"
94,1975,"PAUL, Ronald Ernest",0.863,"Republican"
94,1975,"HALL, Sam Blakeley, Jr.",0.054,"Democrat"
95,1977,"BROOKS, Jack Bascom",-0.407,"Democrat"
95,1977,"BURLESON, Omar Truman",0.002,"Democrat"
95,1977,"MAHON, George Herman",-0.168,"Democrat"
95,1977,"POAGE, William Robert",-0.082,"Democrat"
95,1977,"TEAGUE, Olin Earl",-0.102,"Democrat"
95,1977,"WRIGHT, James Claude, Jr.",-0.383,"Democrat"
95,1977,"YOUNG, John Andrew",-0.342,"Democrat"
95,1977,"GONZÁLEZ, Henry B.",-0.538,"Democrat"
95,1977,"ROBERTS, Herbert Ray",-0.131,"Democrat"
95,1977,"PICKLE, James Jarrell (Jake)",-0.218,"Democrat"
95,1977,"de la GARZA, Eligio, II (Kika)",-0.255,"Democrat"
95,1977,"WHITE, Richard Crawford",-0.137,"Democrat"
95,1977,"ECKHARDT, Robert Christian",-0.547,"Democrat"
95,1977,"KAZEN, Abraham, Jr.",-0.219,"Democrat"
95,1977,"COLLINS, James Mitchell",0.679,"Republican"
95,1977,"ARCHER, William Reynolds, Jr.",0.496,"Republican"
95,1977,"JORDAN, Barbara Charline",-0.522,"Democrat"
95,1977,"MILFORD, Dale",0.012,"Democrat"
95,1977,"WILSON, Charles",-0.196,"Democrat"
95,1977,"HIGHTOWER, Jack English",-0.115,"Democrat"
95,1977,"KRUEGER, Robert Charles",-0.117,"Democrat"
95,1977,"HALL, Sam Blakeley, Jr.",0.054,"Democrat"
95,1977,"GAMMAGE, Robert Alton",0.006,"Democrat"
95,1977,"MATTOX, James Albon",-0.19,"Democrat"
96,1979,"BROOKS, Jack Bascom",-0.407,"Democrat"
96,1979,"WRIGHT, James Claude, Jr.",-0.383,"Democrat"
96,1979,"GONZÁLEZ, Henry B.",-0.538,"Democrat"
96,1979,"ROBERTS, Herbert Ray",-0.131,"Democrat"
96,1979,"PICKLE, James Jarrell (Jake)",-0.218,"Democrat"
96,1979,"de la GARZA, Eligio, II (Kika)",-0.255,"Democrat"
96,1979,"WHITE, Richard Crawford",-0.137,"Democrat"
96,1979,"ECKHARDT, Robert Christian",-0.547,"Democrat"
96,1979,"KAZEN, Abraham, Jr.",-0.219,"Democrat"
96,1979,"COLLINS, James Mitchell",0.679,"Republican"
96,1979,"ARCHER, William Reynolds, Jr.",0.496,"Republican"
96,1979,"WILSON, Charles",-0.196,"Democrat"
96,1979,"HIGHTOWER, Jack English",-0.115,"Democrat"
96,1979,"PAUL, Ronald Ernest",0.863,"Republican"
96,1979,"HALL, Sam Blakeley, Jr.",0.054,"Democrat"
96,1979,"MATTOX, James Albon",-0.19,"Democrat"
96,1979,"FROST, Jonas Martin",-0.316,"Democrat"
96,1979,"HANCE, Kent Ronald",-0.042,"Democrat"
96,1979,"LEATH, James Marvin",0.049,"Democrat"
96,1979,"LELAND, George Thomas (Mickey)",-0.596,"Democrat"
96,1979,"LOEFFLER, Thomas Gilbert",0.425,"Republican"
96,1979,"STENHOLM, Charles Walter",0.019,"Democrat"
96,1979,"WYATT, Joseph Peyton, Jr.",-0.116,"Democrat"
96,1979,"GRAMM, William Philip (Phil)",0.215,"Democrat"
97,1981,"BROOKS, Jack Bascom",-0.407,"Democrat"
97,1981,"WRIGHT, James Claude, Jr.",-0.383,"Democrat"
97,1981,"GONZÁLEZ, Henry B.",-0.538,"Democrat"
97,1981,"PICKLE, James Jarrell (Jake)",-0.218,"Democrat"
97,1981,"de la GARZA, Eligio, II (Kika)",-0.255,"Democrat"
97,1981,"WHITE, Richard Crawford",-0.137,"Democrat"
97,1981,"KAZEN, Abraham, Jr.",-0.219,"Democrat"
97,1981,"COLLINS, James Mitchell",0.679,"Republican"
97,1981,"ARCHER, William Reynolds, Jr.",0.496,"Republican"
97,1981,"WILSON, Charles",-0.196,"Democrat"
97,1981,"HIGHTOWER, Jack English",-0.115,"Democrat"
97,1981,"PAUL, Ronald Ernest",0.863,"Republican"
97,1981,"HALL, Sam Blakeley, Jr.",0.054,"Democrat"
97,1981,"MATTOX, James Albon",-0.19,"Democrat"
97,1981,"FROST, Jonas Martin",-0.316,"Democrat"
97,1981,"HANCE, Kent Ronald",-0.042,"Democrat"
97,1981,"LEATH, James Marvin",0.049,"Democrat"
97,1981,"LELAND, George Thomas (Mickey)",-0.596,"Democrat"
97,1981,"LOEFFLER, Thomas Gilbert",0.425,"Republican"
97,1981,"STENHOLM, Charles Walter",0.019,"Democrat"
97,1981,"FIELDS, Jack Milton, Jr.",0.541,"Republican"
97,1981,"HALL, Ralph Moody",0.096,"Democrat"
97,1981,"PATMAN, William Neff",-0.03,"Democrat"
97,1981,"GRAMM, William Philip (Phil)",0.215,"Democrat"
98,1983,"BROOKS, Jack Bascom",-0.407,"Democrat"
98,1983,"WRIGHT, James Claude, Jr.",-0.383,"Democrat"
98,1983,"GONZÁLEZ, Henry B.",-0.538,"Democrat"
98,1983,"PICKLE, James Jarrell (Jake)",-0.218,"Democrat"
98,1983,"de la GARZA, Eligio, II (Kika)",-0.255,"Democrat"
98,1983,"KAZEN, Abraham, Jr.",-0.219,"Democrat"
98,1983,"ARCHER, William Reynolds, Jr.",0.496,"Republican"
98,1983,"WILSON, Charles",-0.196,"Democrat"
98,1983,"HIGHTOWER, Jack English",-0.115,"Democrat"
98,1983,"PAUL, Ronald Ernest",0.863,"Republican"
98,1983,"HALL, Sam Blakeley, Jr.",0.054,"Democrat"
98,1983,"FROST, Jonas Martin",-0.316,"Democrat"
98,1983,"GRAMM, William Philip (Phil)",0.551,"Republican"
98,1983,"HANCE, Kent Ronald",-0.042,"Democrat"
98,1983,"LEATH, James Marvin",0.049,"Democrat"
98,1983,"LELAND, George Thomas (Mickey)",-0.596,"Democrat"
98,1983,"LOEFFLER, Thomas Gilbert",0.425,"Republican"
98,1983,"STENHOLM, Charles Walter",0.019,"Democrat"
98,1983,"FIELDS, Jack Milton, Jr.",0.541,"Republican"
98,1983,"HALL, Ralph Moody",0.096,"Democrat"
98,1983,"PATMAN, William Neff",-0.03,"Democrat"
98,1983,"ANDREWS, Michael Allen",-0.135,"Democrat"
98,1983,"BARTLETT, Harry Stephen (Steve)",0.46,"Republican"
98,1983,"BRYANT, John Wiley",-0.358,"Democrat"
98,1983,"COLEMAN, Ronald D'Emory",-0.402,"Democrat"
98,1983,"ORTIZ, Solomon P.",-0.272,"Democrat"
98,1983,"VANDERGRIFF, Tommy (Tom) Joe",0.029,"Democrat"
99,1985,"BROOKS, Jack Bascom",-0.407,"Democrat"
99,1985,"WRIGHT, James Claude, Jr.",-0.383,"Democrat"
99,1985,"GONZÁLEZ, Henry B.",-0.538,"Democrat"
99,1985,"PICKLE, James Jarrell (Jake)",-0.218,"Democrat"
99,1985,"de la GARZA, Eligio, II (Kika)",-0.255,"Democrat"
99,1985,"ARCHER, William Reynolds, Jr.",0.496,"Republican"
99,1985,"WILSON, Charles",-0.196,"Democrat"
99,1985,"HALL, Sam Blakeley, Jr.",0.054,"Democrat"
99,1985,"FROST, Jonas Martin",-0.316,"Democrat"
99,1985,"LEATH, James Marvin",0.049,"Democrat"
99,1985,"LELAND, George Thomas (Mickey)",-0.596,"Democrat"
99,1985,"LOEFFLER, Thomas Gilbert",0.425,"Republican"
99,1985,"STENHOLM, Charles Walter",0.019,"Democrat"
99,1985,"FIELDS, Jack Milton, Jr.",0.541,"Republican"
99,1985,"HALL, Ralph Moody",0.096,"Democrat"
99,1985,"ANDREWS, Michael Allen",-0.135,"Democrat"
99,1985,"BARTLETT, Harry Stephen (Steve)",0.46,"Republican"
99,1985,"BRYANT, John Wiley",-0.358,"Democrat"
99,1985,"COLEMAN, Ronald D'Emory",-0.402,"Democrat"
99,1985,"ORTIZ, Solomon P.",-0.272,"Democrat"
99,1985,"BARTON, Joe Linus",0.528,"Republican"
99,1985,"BOULTER, Eldon Beau",0.483,"Republican"
99,1985,"BUSTAMANTE, Albert G.",-0.392,"Democrat"
99,1985,"COMBEST, Larry Ed",0.458,"Republican"
99,1985,"DeLAY, Thomas Dale",0.593,"Republican"
99,1985,"SWEENEY, David McCann (Mac)",0.367,"Republican"
99,1985,"ARMEY, Richard Keith",0.635,"Republican"
99,1985,"CHAPMAN, Jim",-0.198,"Democrat"
100,1987,"BROOKS, Jack Bascom",-0.407,"Democrat"
100,1987,"WRIGHT, James Claude, Jr.",-0.383,"Democrat"
100,1987,"GONZÁLEZ, Henry B.",-0.538,"Democrat"
100,1987,"PICKLE, James Jarrell (Jake)",-0.218,"Democrat"
100,1987,"de la GARZA, Eligio, II (Kika)",-0.255,"Democrat"
100,1987,"ARCHER, William Reynolds, Jr.",0.496,"Republican"
100,1987,"WILSON, Charles",-0.196,"Democrat"
100,1987,"FROST, Jonas Martin",-0.316,"Democrat"
100,1987,"LEATH, James Marvin",0.049,"Democrat"
100,1987,"LELAND, George Thomas (Mickey)",-0.596,"Democrat"
100,1987,"STENHOLM, Charles Walter",0.019,"Democrat"
100,1987,"FIELDS, Jack Milton, Jr.",0.541,"Republican"
100,1987,"HALL, Ralph Moody",0.096,"Democrat"
100,1987,"ANDREWS, Michael Allen",-0.135,"Democrat"
100,1987,"BARTLETT, Harry Stephen (Steve)",0.46,"Republican"
100,1987,"BRYANT, John Wiley",-0.358,"Democrat"
100,1987,"COLEMAN, Ronald D'Emory",-0.402,"Democrat"
100,1987,"ORTIZ, Solomon P.",-0.272,"Democrat"
100,1987,"BARTON, Joe Linus",0.528,"Republican"
100,1987,"BOULTER, Eldon Beau",0.483,"Republican"
100,1987,"BUSTAMANTE, Albert G.",-0.392,"Democrat"
100,1987,"COMBEST, Larry Ed",0.458,"Republican"
100,1987,"DeLAY, Thomas Dale",0.593,"Republican"
100,1987,"SWEENEY, David McCann (Mac)",0.367,"Republican"
100,1987,"ARMEY, Richard Keith",0.635,"Republican"
100,1987,"CHAPMAN, Jim",-0.198,"Democrat"
100,1987,"SMITH, Lamar Seeligson",0.425,"Republican"
101,1989,"BROOKS, Jack Bascom",-0.407,"Democrat"
101,1989,"WRIGHT, James Claude, Jr.",-0.383,"Democrat"
101,1989,"GONZÁLEZ, Henry B.",-0.538,"Democrat"
101,1989,"PICKLE, James Jarrell (Jake)",-0.218,"Democrat"
101,1989,"de la GARZA, Eligio, II (Kika)",-0.255,"Democrat"
101,1989,"ARCHER, William Reynolds, Jr.",0.496,"Republican"
101,1989,"WILSON, Charles",-0.196,"Democrat"
101,1989,"FROST, Jonas Martin",-0.316,"Democrat"
101,1989,"LEATH, James Marvin",0.049,"Democrat"
101,1989,"LELAND, George Thomas (Mickey)",-0.596,"Democrat"
101,1989,"STENHOLM, Charles Walter",0.019,"Democrat"
101,1989,"FIELDS, Jack Milton, Jr.",0.541,"Republican"
101,1989,"HALL, Ralph Moody",0.096,"Democrat"
101,1989,"ANDREWS, Michael Allen",-0.135,"Democrat"
101,1989,"BARTLETT, Harry Stephen (Steve)",0.46,"Republican"
101,1989,"BRYANT, John Wiley",-0.358,"Democrat"
101,1989,"COLEMAN, Ronald D'Emory",-0.402,"Democrat"
101,1989,"ORTIZ, Solomon P.",-0.272,"Democrat"
101,1989,"BARTON, Joe Linus",0.528,"Republican"
101,1989,"BUSTAMANTE, Albert G.",-0.392,"Democrat"
101,1989,"COMBEST, Larry Ed",0.458,"Republican"
101,1989,"DeLAY, Thomas Dale",0.593,"Republican"
101,1989,"ARMEY, Richard Keith",0.635,"Republican"
101,1989,"CHAPMAN, Jim",-0.198,"Democrat"
101,1989,"SMITH, Lamar Seeligson",0.425,"Republican"
101,1989,"LAUGHLIN, Gregory H.",-0.097,"Democrat"
101,1989,"SARPALIUS, William",-0.078,"Democrat"
101,1989,"GEREN, Preston M. (Pete)",-0.032,"Democrat"
101,1989,"WASHINGTON, Craig Anthony",-0.766,"Democrat"
102,1991,"BROOKS, Jack Bascom",-0.407,"Democrat"
102,1991,"GONZÁLEZ, Henry B.",-0.538,"Democrat"
102,1991,"PICKLE, James Jarrell (Jake)",-0.218,"Democrat"
102,1991,"de la GARZA, Eligio, II (Kika)",-0.255,"Democrat"
102,1991,"ARCHER, William Reynolds, Jr.",0.496,"Republican"
102,1991,"WILSON, Charles",-0.196,"Democrat"
102,1991,"FROST, Jonas Martin",-0.316,"Democrat"
102,1991,"STENHOLM, Charles Walter",0.019,"Democrat"
102,1991,"FIELDS, Jack Milton, Jr.",0.541,"Republican"
102,1991,"HALL, Ralph Moody",0.096,"Democrat"
102,1991,"ANDREWS, Michael Allen",-0.135,"Democrat"
102,1991,"BARTLETT, Harry Stephen (Steve)",0.46,"Republican"
102,1991,"BRYANT, John Wiley",-0.358,"Democrat"
102,1991,"COLEMAN, Ronald D'Emory",-0.402,"Democrat"
102,1991,"ORTIZ, Solomon P.",-0.272,"Democrat"
102,1991,"BARTON, Joe Linus",0.528,"Republican"
102,1991,"BUSTAMANTE, Albert G.",-0.392,"Democrat"
102,1991,"COMBEST, Larry Ed",0.458,"Republican"
102,1991,"DeLAY, Thomas Dale",0.593,"Republican"
102,1991,"ARMEY, Richard Keith",0.635,"Republican"
102,1991,"CHAPMAN, Jim",-0.198,"Democrat"
102,1991,"SMITH, Lamar Seeligson",0.425,"Republican"
102,1991,"LAUGHLIN, Gregory H.",-0.097,"Democrat"
102,1991,"SARPALIUS, William",-0.078,"Democrat"
102,1991,"GEREN, Preston M. (Pete)",-0.032,"Democrat"
102,1991,"JOHNSON, Sam",0.61,"Republican"
102,1991,"EDWARDS, Thomas Chester (Chet)",-0.226,"Democrat"
102,1991,"WASHINGTON, Craig Anthony",-0.766,"Democrat"
103,1993,"BROOKS, Jack Bascom",-0.407,"Democrat"
103,1993,"GONZÁLEZ, Henry B.",-0.538,"Democrat"
103,1993,"PICKLE, James Jarrell (Jake)",-0.218,"Democrat"
103,1993,"de la GARZA, Eligio, II (Kika)",-0.255,"Democrat"
103,1993,"ARCHER, William Reynolds, Jr.",0.496,"Republican"
103,1993,"WILSON, Charles",-0.196,"Democrat"
103,1993,"FROST, Jonas Martin",-0.316,"Democrat"
103,1993,"STENHOLM, Charles Walter",0.019,"Democrat"
103,1993,"FIELDS, Jack Milton, Jr.",0.541,"Republican"
103,1993,"HALL, Ralph Moody",0.096,"Democrat"
103,1993,"ANDREWS, Michael Allen",-0.135,"Democrat"
103,1993,"BRYANT, John Wiley",-0.358,"Democrat"
103,1993,"COLEMAN, Ronald D'Emory",-0.402,"Democrat"
103,1993,"ORTIZ, Solomon P.",-0.272,"Democrat"
103,1993,"BARTON, Joe Linus",0.528,"Republican"
103,1993,"COMBEST, Larry Ed",0.458,"Republican"
103,1993,"DeLAY, Thomas Dale",0.593,"Republican"
103,1993,"ARMEY, Richard Keith",0.635,"Republican"
103,1993,"CHAPMAN, Jim",-0.198,"Democrat"
103,1993,"SMITH, Lamar Seeligson",0.425,"Republican"
103,1993,"LAUGHLIN, Gregory H.",-0.097,"Democrat"
103,1993,"SARPALIUS, William",-0.078,"Democrat"
103,1993,"GEREN, Preston M. (Pete)",-0.032,"Democrat"
103,1993,"JOHNSON, Sam",0.61,"Republican"
103,1993,"EDWARDS, Thomas Chester (Chet)",-0.226,"Democrat"
103,1993,"WASHINGTON, Craig Anthony",-0.766,"Democrat"
103,1993,"BONILLA, Henry",0.4,"Republican"
103,1993,"TEJEDA, Frank",-0.277,"Democrat"
103,1993,"GREEN, Raymond Eugene (Gene)",-0.324,"Democrat"
103,1993,"JOHNSON, Eddie Bernice",-0.485,"Democrat"
104,1995,"GONZÁLEZ, Henry B.",-0.538,"Democrat"
104,1995,"de la GARZA, Eligio, II (Kika)",-0.255,"Democrat"
104,1995,"ARCHER, William Reynolds, Jr.",0.496,"Republican"
104,1995,"WILSON, Charles",-0.196,"Democrat"
104,1995,"FROST, Jonas Martin",-0.316,"Democrat"
104,1995,"STENHOLM, Charles Walter",0.019,"Democrat"
104,1995,"FIELDS, Jack Milton, Jr.",0.541,"Republican"
104,1995,"HALL, Ralph Moody",0.096,"Democrat"
104,1995,"BRYANT, John Wiley",-0.358,"Democrat"
104,1995,"COLEMAN, Ronald D'Emory",-0.402,"Democrat"
104,1995,"ORTIZ, Solomon P.",-0.272,"Democrat"
104,1995,"BARTON, Joe Linus",0.528,"Republican"
104,1995,"COMBEST, Larry Ed",0.458,"Republican"
104,1995,"DeLAY, Thomas Dale",0.593,"Republican"
104,1995,"ARMEY, Richard Keith",0.635,"Republican"
104,1995,"CHAPMAN, Jim",-0.198,"Democrat"
104,1995,"SMITH, Lamar Seeligson",0.425,"Republican"
104,1995,"LAUGHLIN, Gregory H.",-0.097,"Democrat"
104,1995,"GEREN, Preston M. (Pete)",-0.032,"Democrat"
104,1995,"JOHNSON, Sam",0.61,"Republican"
104,1995,"EDWARDS, Thomas Chester (Chet)",-0.226,"Democrat"
104,1995,"STOCKMAN, Steve",0.899,"Republican"
104,1995,"DOGGETT, Lloyd Alton, II",-0.402,"Democrat"
104,1995,"THORNBERRY, William McClellan (Mac)",0.524,"Republican"
104,1995,"JACKSON LEE, Sheila",-0.459,"Democrat"
104,1995,"BENTSEN, Kenneth E., Jr.",-0.292,"Democrat"
104,1995,"BONILLA, Henry",0.4,"Republican"
104,1995,"TEJEDA, Frank",-0.277,"Democrat"
104,1995,"GREEN, Raymond Eugene (Gene)",-0.324,"Democrat"
104,1995,"JOHNSON, Eddie Bernice",-0.485,"Democrat"
104,1995,"LAUGHLIN, Gregory H.",0.462,"Republican"
105,1997,"GONZÁLEZ, Henry B.",-0.538,"Democrat"
105,1997,"ARCHER, William Reynolds, Jr.",0.496,"Republican"
105,1997,"PAUL, Ronald Ernest",0.863,"Republican"
105,1997,"FROST, Jonas Martin",-0.316,"Democrat"
105,1997,"STENHOLM, Charles Walter",0.019,"Democrat"
105,1997,"HALL, Ralph Moody",0.096,"Democrat"
105,1997,"ORTIZ, Solomon P.",-0.272,"Democrat"
105,1997,"BARTON, Joe Linus",0.528,"Republican"
105,1997,"COMBEST, Larry Ed",0.458,"Republican"
105,1997,"DeLAY, Thomas Dale",0.593,"Republican"
105,1997,"ARMEY, Richard Keith",0.635,"Republican"
105,1997,"SMITH, Lamar Seeligson",0.425,"Republican"
105,1997,"JOHNSON, Sam",0.61,"Republican"
105,1997,"EDWARDS, Thomas Chester (Chet)",-0.226,"Democrat"
105,1997,"DOGGETT, Lloyd Alton, II",-0.402,"Democrat"
105,1997,"THORNBERRY, William McClellan (Mac)",0.524,"Republican"
105,1997,"JACKSON LEE, Sheila",-0.459,"Democrat"
105,1997,"BENTSEN, Kenneth E., Jr.",-0.292,"Democrat"
105,1997,"SANDLIN, Max A.",-0.25,"Democrat"
105,1997,"TURNER, Jim",-0.185,"Democrat"
105,1997,"SESSIONS, Pete",0.585,"Republican"
105,1997,"BRADY, Kevin Patrick",0.524,"Republican"
105,1997,"LAMPSON, Nicholas V.",-0.179,"Democrat"
105,1997,"GRANGER, Kay",0.397,"Republican"
105,1997,"HINOJOSA, Rubén",-0.34,"Democrat"
105,1997,"REYES, Silvestre",-0.321,"Democrat"
105,1997,"RODRIGUEZ, Ciro D.",-0.349,"Democrat"
105,1997,"BONILLA, Henry",0.4,"Republican"
105,1997,"TEJEDA, Frank",-0.277,"Democrat"
105,1997,"GREEN, Raymond Eugene (Gene)",-0.324,"Democrat"
105,1997,"JOHNSON, Eddie Bernice",-0.485,"Democrat"
106,1999,"ARCHER, William Reynolds, Jr.",0.496,"Republican"
106,1999,"PAUL, Ronald Ernest",0.863,"Republican"
106,1999,"FROST, Jonas Martin",-0.316,"Democrat"
106,1999,"STENHOLM, Charles Walter",0.019,"Democrat"
106,1999,"HALL, Ralph Moody",0.096,"Democrat"
106,1999,"ORTIZ, Solomon P.",-0.272,"Democrat"
106,1999,"BARTON, Joe Linus",0.528,"Republican"
106,1999,"COMBEST, Larry Ed",0.458,"Republican"
106,1999,"DeLAY, Thomas Dale",0.593,"Republican"
106,1999,"ARMEY, Richard Keith",0.635,"Republican"
106,1999,"SMITH, Lamar Seeligson",0.425,"Republican"
106,1999,"JOHNSON, Sam",0.61,"Republican"
106,1999,"EDWARDS, Thomas Chester (Chet)",-0.226,"Democrat"
106,1999,"DOGGETT, Lloyd Alton, II",-0.402,"Democrat"
106,1999,"THORNBERRY, William McClellan (Mac)",0.524,"Republican"
106,1999,"JACKSON LEE, Sheila",-0.459,"Democrat"
106,1999,"BENTSEN, Kenneth E., Jr.",-0.292,"Democrat"
106,1999,"SANDLIN, Max A.",-0.25,"Democrat"
106,1999,"TURNER, Jim",-0.185,"Democrat"
106,1999,"SESSIONS, Pete",0.585,"Republican"
106,1999,"BRADY, Kevin Patrick",0.524,"Republican"
106,1999,"LAMPSON, Nicholas V.",-0.179,"Democrat"
106,1999,"GRANGER, Kay",0.397,"Republican"
106,1999,"HINOJOSA, Rubén",-0.34,"Democrat"
106,1999,"REYES, Silvestre",-0.321,"Democrat"
106,1999,"RODRIGUEZ, Ciro D.",-0.349,"Democrat"
106,1999,"GONZALEZ, Charles A.",-0.347,"Democrat"
106,1999,"BONILLA, Henry",0.4,"Republican"
106,1999,"GREEN, Raymond Eugene (Gene)",-0.324,"Democrat"
106,1999,"JOHNSON, Eddie Bernice",-0.485,"Democrat"
107,2001,"PAUL, Ronald Ernest",0.863,"Republican"
107,2001,"FROST, Jonas Martin",-0.316,"Democrat"
107,2001,"STENHOLM, Charles Walter",0.019,"Democrat"
107,2001,"HALL, Ralph Moody",0.096,"Democrat"
107,2001,"ORTIZ, Solomon P.",-0.272,"Democrat"
107,2001,"BARTON, Joe Linus",0.528,"Republican"
107,2001,"COMBEST, Larry Ed",0.458,"Republican"
107,2001,"DeLAY, Thomas Dale",0.593,"Republican"
107,2001,"ARMEY, Richard Keith",0.635,"Republican"
107,2001,"SMITH, Lamar Seeligson",0.425,"Republican"
107,2001,"CULBERSON, John",0.503,"Republican"
107,2001,"JOHNSON, Sam",0.61,"Republican"
107,2001,"EDWARDS, Thomas Chester (Chet)",-0.226,"Democrat"
107,2001,"DOGGETT, Lloyd Alton, II",-0.402,"Democrat"
107,2001,"THORNBERRY, William McClellan (Mac)",0.524,"Republican"
107,2001,"JACKSON LEE, Sheila",-0.459,"Democrat"
107,2001,"BENTSEN, Kenneth E., Jr.",-0.292,"Democrat"
107,2001,"SANDLIN, Max A.",-0.25,"Democrat"
107,2001,"TURNER, Jim",-0.185,"Democrat"
107,2001,"SESSIONS, Pete",0.585,"Republican"
107,2001,"BRADY, Kevin Patrick",0.524,"Republican"
107,2001,"LAMPSON, Nicholas V.",-0.179,"Democrat"
107,2001,"GRANGER, Kay",0.397,"Republican"
107,2001,"HINOJOSA, Rubén",-0.34,"Democrat"
107,2001,"REYES, Silvestre",-0.321,"Democrat"
107,2001,"RODRIGUEZ, Ciro D.",-0.349,"Democrat"
107,2001,"GONZALEZ, Charles A.",-0.347,"Democrat"
107,2001,"BONILLA, Henry",0.4,"Republican"
107,2001,"GREEN, Raymond Eugene (Gene)",-0.324,"Democrat"
107,2001,"JOHNSON, Eddie Bernice",-0.485,"Democrat"
108,2003,"PAUL, Ronald Ernest",0.863,"Republican"
108,2003,"FROST, Jonas Martin",-0.316,"Democrat"
108,2003,"STENHOLM, Charles Walter",0.019,"Democrat"
108,2003,"HALL, Ralph Moody",0.096,"Democrat"
108,2003,"ORTIZ, Solomon P.",-0.272,"Democrat"
108,2003,"BARTON, Joe Linus",0.528,"Republican"
108,2003,"COMBEST, Larry Ed",0.458,"Republican"
108,2003,"DeLAY, Thomas Dale",0.593,"Republican"
108,2003,"SMITH, Lamar Seeligson",0.425,"Republican"
108,2003,"CULBERSON, John",0.503,"Republican"
108,2003,"HENSARLING, Jeb",0.703,"Republican"
108,2003,"NEUGEBAUER, Randy",0.628,"Republican"
108,2003,"BELL, Chris",-0.342,"Democrat"
108,2003,"BURGESS, Michael C.",0.577,"Republican"
108,2003,"CARTER, John R.",0.473,"Republican"
108,2003,"JOHNSON, Sam",0.61,"Republican"
108,2003,"EDWARDS, Thomas Chester (Chet)",-0.226,"Democrat"
108,2003,"DOGGETT, Lloyd Alton, II",-0.402,"Democrat"
108,2003,"THORNBERRY, William McClellan (Mac)",0.524,"Republican"
108,2003,"JACKSON LEE, Sheila",-0.459,"Democrat"
108,2003,"SANDLIN, Max A.",-0.25,"Democrat"
108,2003,"TURNER, Jim",-0.185,"Democrat"
108,2003,"SESSIONS, Pete",0.585,"Republican"
108,2003,"BRADY, Kevin Patrick",0.524,"Republican"
108,2003,"LAMPSON, Nicholas V.",-0.179,"Democrat"
108,2003,"GRANGER, Kay",0.397,"Republican"
108,2003,"HINOJOSA, Rubén",-0.34,"Democrat"
108,2003,"REYES, Silvestre",-0.321,"Democrat"
108,2003,"RODRIGUEZ, Ciro D.",-0.349,"Democrat"
108,2003,"GONZALEZ, Charles A.",-0.347,"Democrat"
108,2003,"BONILLA, Henry",0.4,"Republican"
108,2003,"GREEN, Raymond Eugene (Gene)",-0.324,"Democrat"
108,2003,"JOHNSON, Eddie Bernice",-0.485,"Democrat"
108,2003,"HALL, Ralph Moody",0.424,"Republican"
109,2005,"PAUL, Ronald Ernest",0.863,"Republican"
109,2005,"ORTIZ, Solomon P.",-0.272,"Democrat"
109,2005,"BARTON, Joe Linus",0.528,"Republican"
109,2005,"DeLAY, Thomas Dale",0.593,"Republican"
109,2005,"SMITH, Lamar Seeligson",0.425,"Republican"
109,2005,"CULBERSON, John",0.503,"Republican"
109,2005,"HENSARLING, Jeb",0.703,"Republican"
109,2005,"NEUGEBAUER, Randy",0.628,"Republican"
109,2005,"BURGESS, Michael C.",0.577,"Republican"
109,2005,"CARTER, John R.",0.473,"Republican"
109,2005,"GOHMERT, Louie",0.623,"Republican"
109,2005,"POE, Ted",0.594,"Republican"
109,2005,"GREEN, Al",-0.438,"Democrat"
109,2005,"McCAUL, Michael T.",0.438,"Republican"
109,2005,"CONAWAY, K. Michael",0.591,"Republican"
109,2005,"MARCHANT, Kenny",0.601,"Republican"
109,2005,"CUELLAR, Henry",-0.227,"Democrat"
109,2005,"SEKULA GIBBS, Shelley",NA,"Republican"
109,2005,"JOHNSON, Sam",0.61,"Republican"
109,2005,"EDWARDS, Thomas Chester (Chet)",-0.226,"Democrat"
109,2005,"DOGGETT, Lloyd Alton, II",-0.402,"Democrat"
109,2005,"THORNBERRY, William McClellan (Mac)",0.524,"Republican"
109,2005,"JACKSON LEE, Sheila",-0.459,"Democrat"
109,2005,"SESSIONS, Pete",0.585,"Republican"
109,2005,"BRADY, Kevin Patrick",0.524,"Republican"
109,2005,"GRANGER, Kay",0.397,"Republican"
109,2005,"HINOJOSA, Rubén",-0.34,"Democrat"
109,2005,"REYES, Silvestre",-0.321,"Democrat"
109,2005,"GONZALEZ, Charles A.",-0.347,"Democrat"
109,2005,"BONILLA, Henry",0.4,"Republican"
109,2005,"GREEN, Raymond Eugene (Gene)",-0.324,"Democrat"
109,2005,"JOHNSON, Eddie Bernice",-0.485,"Democrat"
109,2005,"HALL, Ralph Moody",0.424,"Republican"
110,2007,"PAUL, Ronald Ernest",0.863,"Republican"
110,2007,"ORTIZ, Solomon P.",-0.272,"Democrat"
110,2007,"BARTON, Joe Linus",0.528,"Republican"
110,2007,"SMITH, Lamar Seeligson",0.425,"Republican"
110,2007,"CULBERSON, John",0.503,"Republican"
110,2007,"HENSARLING, Jeb",0.703,"Republican"
110,2007,"NEUGEBAUER, Randy",0.628,"Republican"
110,2007,"BURGESS, Michael C.",0.577,"Republican"
110,2007,"CARTER, John R.",0.473,"Republican"
110,2007,"GOHMERT, Louie",0.623,"Republican"
110,2007,"POE, Ted",0.594,"Republican"
110,2007,"GREEN, Al",-0.438,"Democrat"
110,2007,"McCAUL, Michael T.",0.438,"Republican"
110,2007,"CONAWAY, K. Michael",0.591,"Republican"
110,2007,"MARCHANT, Kenny",0.601,"Republican"
110,2007,"CUELLAR, Henry",-0.227,"Democrat"
110,2007,"JOHNSON, Sam",0.61,"Republican"
110,2007,"EDWARDS, Thomas Chester (Chet)",-0.226,"Democrat"
110,2007,"DOGGETT, Lloyd Alton, II",-0.402,"Democrat"
110,2007,"THORNBERRY, William McClellan (Mac)",0.524,"Republican"
110,2007,"JACKSON LEE, Sheila",-0.459,"Democrat"
110,2007,"SESSIONS, Pete",0.585,"Republican"
110,2007,"BRADY, Kevin Patrick",0.524,"Republican"
110,2007,"LAMPSON, Nicholas V.",-0.179,"Democrat"
110,2007,"GRANGER, Kay",0.397,"Republican"
110,2007,"HINOJOSA, Rubén",-0.34,"Democrat"
110,2007,"REYES, Silvestre",-0.321,"Democrat"
110,2007,"RODRIGUEZ, Ciro D.",-0.349,"Democrat"
110,2007,"GONZALEZ, Charles A.",-0.347,"Democrat"
110,2007,"GREEN, Raymond Eugene (Gene)",-0.324,"Democrat"
110,2007,"JOHNSON, Eddie Bernice",-0.485,"Democrat"
110,2007,"HALL, Ralph Moody",0.424,"Republican"
111,2009,"PAUL, Ronald Ernest",0.863,"Republican"
111,2009,"ORTIZ, Solomon P.",-0.272,"Democrat"
111,2009,"BARTON, Joe Linus",0.528,"Republican"
111,2009,"SMITH, Lamar Seeligson",0.425,"Republican"
111,2009,"CULBERSON, John",0.503,"Republican"
111,2009,"HENSARLING, Jeb",0.703,"Republican"
111,2009,"NEUGEBAUER, Randy",0.628,"Republican"
111,2009,"BURGESS, Michael C.",0.577,"Republican"
111,2009,"CARTER, John R.",0.473,"Republican"
111,2009,"GOHMERT, Louie",0.623,"Republican"
111,2009,"POE, Ted",0.594,"Republican"
111,2009,"GREEN, Al",-0.438,"Democrat"
111,2009,"McCAUL, Michael T.",0.438,"Republican"
111,2009,"CONAWAY, K. Michael",0.591,"Republican"
111,2009,"MARCHANT, Kenny",0.601,"Republican"
111,2009,"CUELLAR, Henry",-0.227,"Democrat"
111,2009,"OLSON, Pete",0.549,"Republican"
111,2009,"JOHNSON, Sam",0.61,"Republican"
111,2009,"EDWARDS, Thomas Chester (Chet)",-0.226,"Democrat"
111,2009,"DOGGETT, Lloyd Alton, II",-0.402,"Democrat"
111,2009,"THORNBERRY, William McClellan (Mac)",0.524,"Republican"
111,2009,"JACKSON LEE, Sheila",-0.459,"Democrat"
111,2009,"SESSIONS, Pete",0.585,"Republican"
111,2009,"BRADY, Kevin Patrick",0.524,"Republican"
111,2009,"GRANGER, Kay",0.397,"Republican"
111,2009,"HINOJOSA, Rubén",-0.34,"Democrat"
111,2009,"REYES, Silvestre",-0.321,"Democrat"
111,2009,"RODRIGUEZ, Ciro D.",-0.349,"Democrat"
111,2009,"GONZALEZ, Charles A.",-0.347,"Democrat"
111,2009,"GREEN, Raymond Eugene (Gene)",-0.324,"Democrat"
111,2009,"JOHNSON, Eddie Bernice",-0.485,"Democrat"
111,2009,"HALL, Ralph Moody",0.424,"Republican"
112,2011,"PAUL, Ronald Ernest",0.863,"Republican"
112,2011,"BARTON, Joe Linus",0.528,"Republican"
112,2011,"SMITH, Lamar Seeligson",0.425,"Republican"
112,2011,"CULBERSON, John",0.503,"Republican"
112,2011,"HENSARLING, Jeb",0.703,"Republican"
112,2011,"NEUGEBAUER, Randy",0.628,"Republican"
112,2011,"BURGESS, Michael C.",0.577,"Republican"
112,2011,"CARTER, John R.",0.473,"Republican"
112,2011,"GOHMERT, Louie",0.623,"Republican"
112,2011,"POE, Ted",0.594,"Republican"
112,2011,"GREEN, Al",-0.438,"Democrat"
112,2011,"McCAUL, Michael T.",0.438,"Republican"
112,2011,"CONAWAY, K. Michael",0.591,"Republican"
112,2011,"MARCHANT, Kenny",0.601,"Republican"
112,2011,"CUELLAR, Henry",-0.227,"Democrat"
112,2011,"OLSON, Pete",0.549,"Republican"
112,2011,"FLORES, Bill",0.573,"Republican"
112,2011,"CANSECO, Francisco (Quico)",0.571,"Republican"
112,2011,"FARENTHOLD, Blake",0.548,"Republican"
112,2011,"JOHNSON, Sam",0.61,"Republican"
112,2011,"DOGGETT, Lloyd Alton, II",-0.402,"Democrat"
112,2011,"THORNBERRY, William McClellan (Mac)",0.524,"Republican"
112,2011,"JACKSON LEE, Sheila",-0.459,"Democrat"
112,2011,"SESSIONS, Pete",0.585,"Republican"
112,2011,"BRADY, Kevin Patrick",0.524,"Republican"
112,2011,"GRANGER, Kay",0.397,"Republican"
112,2011,"HINOJOSA, Rubén",-0.34,"Democrat"
112,2011,"REYES, Silvestre",-0.321,"Democrat"
112,2011,"GONZALEZ, Charles A.",-0.347,"Democrat"
112,2011,"GREEN, Raymond Eugene (Gene)",-0.324,"Democrat"
112,2011,"JOHNSON, Eddie Bernice",-0.485,"Democrat"
112,2011,"HALL, Ralph Moody",0.424,"Republican"
113,2013,"BARTON, Joe Linus",0.528,"Republican"
113,2013,"SMITH, Lamar Seeligson",0.425,"Republican"
113,2013,"CULBERSON, John",0.503,"Republican"
113,2013,"HENSARLING, Jeb",0.703,"Republican"
113,2013,"NEUGEBAUER, Randy",0.628,"Republican"
113,2013,"BURGESS, Michael C.",0.577,"Republican"
113,2013,"CARTER, John R.",0.473,"Republican"
113,2013,"GOHMERT, Louie",0.623,"Republican"
113,2013,"POE, Ted",0.594,"Republican"
113,2013,"GREEN, Al",-0.438,"Democrat"
113,2013,"McCAUL, Michael T.",0.438,"Republican"
113,2013,"CONAWAY, K. Michael",0.591,"Republican"
113,2013,"MARCHANT, Kenny",0.601,"Republican"
113,2013,"CUELLAR, Henry",-0.227,"Democrat"
113,2013,"OLSON, Pete",0.549,"Republican"
113,2013,"FLORES, Bill",0.573,"Republican"
113,2013,"FARENTHOLD, Blake",0.548,"Republican"
113,2013,"WEBER, Randy",0.706,"Republican"
113,2013,"O'ROURKE, Beto",-0.304,"Democrat"
113,2013,"CASTRO, Joaquin",-0.398,"Democrat"
113,2013,"GALLEGO, Pete P.",-0.216,"Democrat"
113,2013,"WILLIAMS, Roger",0.588,"Republican"
113,2013,"VEASEY, Marc",-0.402,"Democrat"
113,2013,"VELA, Filemon",-0.312,"Democrat"
113,2013,"JOHNSON, Sam",0.61,"Republican"
113,2013,"STOCKMAN, Steve",0.899,"Republican"
113,2013,"DOGGETT, Lloyd Alton, II",-0.402,"Democrat"
113,2013,"THORNBERRY, William McClellan (Mac)",0.524,"Republican"
113,2013,"JACKSON LEE, Sheila",-0.459,"Democrat"
113,2013,"SESSIONS, Pete",0.585,"Republican"
113,2013,"BRADY, Kevin Patrick",0.524,"Republican"
113,2013,"GRANGER, Kay",0.397,"Republican"
113,2013,"HINOJOSA, Rubén",-0.34,"Democrat"
113,2013,"GREEN, Raymond Eugene (Gene)",-0.324,"Democrat"
113,2013,"JOHNSON, Eddie Bernice",-0.485,"Democrat"
113,2013,"HALL, Ralph Moody",0.424,"Republican"
114,2015,"BARTON, Joe Linus",0.528,"Republican"
114,2015,"SMITH, Lamar Seeligson",0.425,"Republican"
114,2015,"CULBERSON, John",0.503,"Republican"
114,2015,"HENSARLING, Jeb",0.703,"Republican"
114,2015,"NEUGEBAUER, Randy",0.628,"Republican"
114,2015,"BURGESS, Michael C.",0.577,"Republican"
114,2015,"CARTER, John R.",0.473,"Republican"
114,2015,"GOHMERT, Louie",0.623,"Republican"
114,2015,"POE, Ted",0.594,"Republican"
114,2015,"GREEN, Al",-0.438,"Democrat"
114,2015,"McCAUL, Michael T.",0.438,"Republican"
114,2015,"CONAWAY, K. Michael",0.591,"Republican"
114,2015,"MARCHANT, Kenny",0.601,"Republican"
114,2015,"CUELLAR, Henry",-0.227,"Democrat"
114,2015,"OLSON, Pete",0.549,"Republican"
114,2015,"FLORES, Bill",0.573,"Republican"
114,2015,"FARENTHOLD, Blake",0.548,"Republican"
114,2015,"WEBER, Randy",0.706,"Republican"
114,2015,"O'ROURKE, Beto",-0.304,"Democrat"
114,2015,"CASTRO, Joaquin",-0.398,"Democrat"
114,2015,"WILLIAMS, Roger",0.588,"Republican"
114,2015,"VEASEY, Marc",-0.402,"Democrat"
114,2015,"VELA, Filemon",-0.312,"Democrat"
114,2015,"RATCLIFFE, John",0.695,"Republican"
114,2015,"HURD, William Ballard",0.294,"Republican"
114,2015,"BABIN, Brian",0.691,"Republican"
114,2015,"JOHNSON, Sam",0.61,"Republican"
114,2015,"DOGGETT, Lloyd Alton, II",-0.402,"Democrat"
114,2015,"THORNBERRY, William McClellan (Mac)",0.524,"Republican"
114,2015,"JACKSON LEE, Sheila",-0.459,"Democrat"
114,2015,"SESSIONS, Pete",0.585,"Republican"
114,2015,"BRADY, Kevin Patrick",0.524,"Republican"
114,2015,"GRANGER, Kay",0.397,"Republican"
114,2015,"HINOJOSA, Rubén",-0.34,"Democrat"
114,2015,"GREEN, Raymond Eugene (Gene)",-0.324,"Democrat"
114,2015,"JOHNSON, Eddie Bernice",-0.485,"Democrat"
115,2017,"BARTON, Joe Linus",0.528,"Republican"
115,2017,"SMITH, Lamar Seeligson",0.425,"Republican"
115,2017,"CULBERSON, John",0.503,"Republican"
115,2017,"HENSARLING, Jeb",0.703,"Republican"
115,2017,"BURGESS, Michael C.",0.577,"Republican"
115,2017,"CARTER, John R.",0.473,"Republican"
115,2017,"GOHMERT, Louie",0.623,"Republican"
115,2017,"POE, Ted",0.594,"Republican"
115,2017,"GREEN, Al",-0.438,"Democrat"
115,2017,"McCAUL, Michael T.",0.438,"Republican"
115,2017,"CONAWAY, K. Michael",0.591,"Republican"
115,2017,"MARCHANT, Kenny",0.601,"Republican"
115,2017,"CUELLAR, Henry",-0.227,"Democrat"
115,2017,"OLSON, Pete",0.549,"Republican"
115,2017,"FLORES, Bill",0.573,"Republican"
115,2017,"FARENTHOLD, Blake",0.548,"Republican"
115,2017,"WEBER, Randy",0.706,"Republican"
115,2017,"O'ROURKE, Beto",-0.304,"Democrat"
115,2017,"CASTRO, Joaquin",-0.398,"Democrat"
115,2017,"WILLIAMS, Roger",0.588,"Republican"
115,2017,"VEASEY, Marc",-0.402,"Democrat"
115,2017,"VELA, Filemon",-0.312,"Democrat"
115,2017,"RATCLIFFE, John",0.695,"Republican"
115,2017,"HURD, William Ballard",0.294,"Republican"
115,2017,"BABIN, Brian",0.691,"Republican"
115,2017,"ARRINGTON, Jodey Cook",0.622,"Republican"
115,2017,"GONZALEZ, Vicente Jr.",-0.377,"Democrat"
115,2017,"CLOUD, Michael",0.639,"Republican"
115,2017,"JOHNSON, Sam",0.61,"Republican"
115,2017,"DOGGETT, Lloyd Alton, II",-0.402,"Democrat"
115,2017,"THORNBERRY, William McClellan (Mac)",0.524,"Republican"
115,2017,"JACKSON LEE, Sheila",-0.459,"Democrat"
115,2017,"SESSIONS, Pete",0.585,"Republican"
115,2017,"BRADY, Kevin Patrick",0.524,"Republican"
115,2017,"GRANGER, Kay",0.397,"Republican"
115,2017,"GREEN, Raymond Eugene (Gene)",-0.324,"Democrat"
115,2017,"JOHNSON, Eddie Bernice",-0.485,"Democrat"
116,2019,"BURGESS, Michael C.",0.577,"Republican"
116,2019,"CARTER, John R.",0.473,"Republican"
116,2019,"GOHMERT, Louie",0.623,"Republican"
116,2019,"GREEN, Al",-0.438,"Democrat"
116,2019,"McCAUL, Michael T.",0.438,"Republican"
116,2019,"CONAWAY, K. Michael",0.591,"Republican"
116,2019,"MARCHANT, Kenny",0.601,"Republican"
116,2019,"CUELLAR, Henry",-0.227,"Democrat"
116,2019,"OLSON, Pete",0.549,"Republican"
116,2019,"FLORES, Bill",0.573,"Republican"
116,2019,"WEBER, Randy",0.706,"Republican"
116,2019,"CASTRO, Joaquin",-0.398,"Democrat"
116,2019,"WILLIAMS, Roger",0.588,"Republican"
116,2019,"VEASEY, Marc",-0.402,"Democrat"
116,2019,"VELA, Filemon",-0.312,"Democrat"
116,2019,"RATCLIFFE, John",0.695,"Republican"
116,2019,"HURD, William Ballard",0.294,"Republican"
116,2019,"BABIN, Brian",0.691,"Republican"
116,2019,"ARRINGTON, Jodey Cook",0.622,"Republican"
116,2019,"GONZALEZ, Vicente Jr.",-0.377,"Democrat"
116,2019,"CLOUD, Michael",0.639,"Republican"
116,2019,"ALLRED, Colin",-0.449,"Democrat"
116,2019,"CRENSHAW, Daniel",0.389,"Republican"
116,2019,"ESCOBAR, Veronica",-0.452,"Democrat"
116,2019,"FLETCHER, Elizabeth",-0.425,"Democrat"
116,2019,"GARCIA, Sylvia",-0.764,"Democrat"
116,2019,"GOODEN, Lance",0.723,"Republican"
116,2019,"ROY, Charles",0.8,"Republican"
116,2019,"TAYLOR, Nicholas",0.549,"Republican"
116,2019,"WRIGHT, Ron",0.736,"Republican"
116,2019,"DOGGETT, Lloyd Alton, II",-0.402,"Democrat"
116,2019,"THORNBERRY, William McClellan (Mac)",0.524,"Republican"
116,2019,"JACKSON LEE, Sheila",-0.459,"Democrat"
116,2019,"BRADY, Kevin Patrick",0.524,"Republican"
116,2019,"GRANGER, Kay",0.397,"Republican"
116,2019,"JOHNSON, Eddie Bernice",-0.485,"Democrat"
